Time,Voltage,Current,Power,Temperature,Humidity
0.02,0.64,-0.1,0.0,-14.2,54.3
2.05,0.64,-0.2,0.0,-14.2,54.0
4.06,0.64,-0.2,0.0,-14.2,54.1
6.07,0.64,-0.1,0.0,-14.2,54.0
8.08,0.64,-0.1,0.0,-14.2,53.9
10.09,0.65,-0.1,0.0,-14.2,54.0
12.09,0.64,-0.1,0.0,-14.2,53.9
14.1,0.64,-0.1,0.0,-14.2,53.9
16.11,0.64,-0.1,0.0,-14.2,53.6
18.12,0.64,0.0,0.0,-14.2,53.7
20.13,0.64,-0.2,0.0,-14.2,53.6
22.14,0.64,-0.1,0.0,-14.2,53.6
24.14,0.64,-0.1,0.0,-14.2,53.5
26.15,0.64,-0.1,0.0,-14.2,53.4
28.16,0.64,-0.1,0.0,-14.2,53.3
30.17,0.64,-0.1,0.0,-14.2,53.3
32.18,0.64,-0.1,0.0,-14.2,53.4
34.19,0.64,-0.1,0.0,-14.2,53.7
36.2,0.64,-0.2,0.0,-14.2,54.1
38.21,0.64,-0.1,0.0,-14.2,54.3
40.21,4.12,3.1,13.0,-14.1,54.6
42.22,3.83,206.9,793.0,-14.1,55.0
44.23,3.84,207.6,798.0,-14.0,55.3
46.24,3.84,206.6,793.0,-13.9,55.6
48.25,3.84,206.7,795.0,-13.8,56.0
50.26,3.84,206.5,793.0,-13.7,56.4
52.27,3.84,206.1,791.0,-13.6,56.8
54.27,3.84,206.1,791.0,-13.5,57.2
56.28,3.84,206.2,791.0,-13.4,57.6
58.29,3.84,206.1,791.0,-13.2,58.1
60.3,3.84,206.1,791.0,-13.1,58.3
62.31,3.84,205.9,790.0,-13.0,58.7
64.32,3.84,205.8,790.0,-12.9,59.0
66.33,3.84,205.7,790.0,-12.8,59.3
68.33,3.84,205.6,790.0,-12.7,59.7
70.34,3.83,204.3,782.0,-12.6,60.0
72.35,3.83,204.4,783.0,-12.5,60.3
74.36,3.83,204.2,782.0,-12.4,60.6
76.37,3.83,204.3,782.0,-12.3,61.0
78.38,3.83,204.3,783.0,-12.2,61.4
80.39,3.83,204.4,783.0,-12.2,61.6
82.4,3.83,204.3,783.0,-12.1,61.9
84.41,3.83,204.1,782.0,-12.0,62.2
86.41,3.83,204.1,782.0,-12.0,62.6
88.42,3.83,204.0,782.0,-11.9,62.8
90.43,3.83,203.9,780.0,-11.9,63.0
92.44,3.83,203.7,780.0,-11.8,63.3
94.45,3.83,203.7,780.0,-11.8,63.6
96.46,3.83,203.6,780.0,-11.8,63.8
98.47,3.83,203.5,778.0,-11.8,64.1
100.47,3.83,203.5,778.0,-11.7,64.3
102.48,3.83,203.3,778.0,-11.7,64.5
104.49,3.82,203.2,777.0,-11.7,64.7
106.5,3.83,203.2,777.0,-11.7,64.9
108.51,3.82,203.1,777.0,-11.7,65.2
110.52,3.82,203.2,777.0,-11.7,65.4
112.53,3.83,203.1,777.0,-11.7,65.5
114.54,3.83,203.1,777.0,-11.7,65.8
116.54,3.83,203.0,777.0,-11.7,65.9
118.55,3.82,203.0,777.0,-11.7,66.1
120.56,3.83,202.9,777.0,-11.8,66.2
122.57,3.82,202.9,777.0,-11.8,66.4
124.58,3.82,202.8,777.0,-11.8,66.5
126.59,3.82,202.7,775.0,-11.8,66.6
128.6,3.82,202.6,775.0,-11.8,66.7
130.61,3.82,202.6,775.0,-11.9,66.7
132.62,3.82,202.5,775.0,-11.9,66.7
134.63,3.82,202.5,775.0,-11.9,66.8
136.63,3.82,202.4,773.0,-12.0,66.8
138.64,3.82,202.4,773.0,-12.0,66.7
140.65,3.82,202.4,773.0,-12.0,66.5
142.66,3.82,202.3,773.0,-12.1,66.4
144.67,3.82,202.3,773.0,-12.1,66.4
146.68,3.82,202.2,772.0,-12.1,66.2
148.69,3.82,202.3,773.0,-12.2,66.1
150.7,3.82,202.1,772.0,-12.2,65.9
152.71,3.82,202.1,773.0,-12.3,65.8
154.72,3.82,202.0,772.0,-12.3,65.7
156.72,3.82,202.0,772.0,-12.3,65.5
158.73,3.82,202.0,772.0,-12.4,65.3
160.74,3.82,201.9,772.0,-12.4,65.1
162.75,3.82,201.9,772.0,-12.5,64.8
164.76,3.82,201.8,772.0,-12.5,64.7
166.77,3.82,201.8,772.0,-12.6,64.5
168.78,3.82,201.8,772.0,-12.6,64.4
170.79,3.82,201.7,770.0,-12.6,64.1
172.79,3.82,201.7,770.0,-12.7,64.0
174.8,3.82,201.6,770.0,-12.7,63.7
176.81,3.82,201.6,770.0,-12.7,63.5
178.82,3.82,201.5,770.0,-12.8,63.3
180.83,3.82,201.6,770.0,-12.8,63.1
182.84,3.82,201.5,770.0,-12.9,62.9
184.85,3.82,201.5,770.0,-12.9,62.6
186.86,3.82,201.4,770.0,-13.0,62.5
188.86,3.82,201.3,768.0,-13.0,62.3
190.87,3.82,201.3,768.0,-13.1,62.0
192.88,3.82,201.4,768.0,-13.1,61.8
194.89,3.82,201.3,768.0,-13.1,61.6
196.9,3.82,201.3,768.0,-13.2,61.5
198.91,3.82,201.2,768.0,-13.2,61.2
200.92,3.82,201.2,768.0,-13.2,61.0
202.93,3.82,201.1,767.0,-13.3,60.7
204.94,3.82,201.1,767.0,-13.3,60.5
206.94,3.82,201.1,767.0,-13.4,60.3
208.95,3.82,201.0,767.0,-13.4,60.1
210.96,3.82,201.0,767.0,-13.4,59.8
212.97,3.82,201.0,767.0,-13.5,59.7
214.98,3.82,200.9,767.0,-13.5,59.5
216.99,3.82,200.9,767.0,-13.6,59.3
219.0,3.82,200.9,767.0,-13.6,59.1
221.0,3.82,200.9,767.0,-13.7,58.9
223.01,3.82,200.9,767.0,-13.7,58.6
225.02,3.82,200.9,767.0,-13.7,58.5
227.03,3.82,200.8,767.0,-13.7,58.3
229.04,3.82,200.8,767.0,-13.8,58.2
231.05,3.82,200.8,767.0,-13.8,57.9
233.06,3.82,200.7,765.0,-13.9,57.5
235.07,3.82,200.7,765.0,-13.9,57.6
237.08,3.82,200.7,765.0,-14.0,57.4
239.09,3.82,200.7,765.0,-14.0,57.2
241.1,3.81,200.6,765.0,-14.0,57.0
243.1,3.82,200.6,765.0,-14.1,56.8
245.11,3.82,200.6,765.0,-14.1,56.6
247.12,3.81,200.5,765.0,-14.1,56.5
249.13,3.82,200.5,764.0,-14.2,56.3
251.14,3.81,200.4,765.0,-14.2,56.0
253.15,3.81,200.4,765.0,-14.2,55.8
255.16,3.81,200.3,764.0,-14.3,55.7
257.17,3.81,200.4,764.0,-14.3,55.6
259.17,3.81,200.3,764.0,-14.3,55.2
261.18,3.81,200.4,764.0,-14.4,55.2
263.19,3.81,200.3,764.0,-14.4,55.2
265.2,3.81,200.3,764.0,-14.4,54.9
267.21,3.81,200.3,764.0,-14.5,54.8
269.22,3.81,200.2,764.0,-14.5,54.3
271.23,3.81,200.2,764.0,-14.5,54.5
273.24,3.81,200.2,764.0,-14.6,54.2
275.25,3.81,200.2,764.0,-14.6,54.3
277.26,3.81,200.0,762.0,-14.6,54.0
279.26,3.81,200.0,762.0,-14.7,54.2
281.27,3.81,200.1,762.0,-14.7,53.5
283.28,3.81,200.0,762.0,-14.7,53.8
285.29,3.81,200.0,762.0,-14.7,53.5
287.3,3.81,199.9,762.0,-14.8,53.7
289.31,3.81,199.9,762.0,-14.8,53.1
291.31,3.81,199.9,762.0,-14.8,52.6
293.32,3.81,199.8,762.0,-14.9,52.6
295.33,3.81,199.8,760.0,-14.9,52.3
297.34,3.81,199.8,760.0,-14.9,52.3
299.35,3.81,199.7,760.0,-15.0,52.3
301.36,3.81,199.7,760.0,-15.0,51.7
303.37,3.81,199.7,760.0,-15.0,52.0
305.38,3.81,199.6,760.0,-15.1,51.6
307.39,3.81,199.6,760.0,-15.1,51.7
309.39,3.81,199.6,760.0,-15.1,51.0
311.4,3.81,199.6,760.0,-15.1,50.8
313.41,3.81,199.5,760.0,-15.2,51.2
315.42,3.81,199.5,760.0,-15.2,50.9
317.43,3.81,199.6,760.0,-15.2,51.1
319.44,3.81,199.5,760.0,-15.3,51.5
321.45,3.81,199.5,760.0,-15.3,51.5
323.46,3.81,199.4,759.0,-15.3,50.0
325.47,3.81,199.4,759.0,-15.3,51.0
327.47,3.81,199.4,759.0,-15.4,49.7
329.48,3.81,199.4,759.0,-15.4,49.6
331.49,3.81,199.4,759.0,-15.4,49.5
333.5,3.81,199.4,759.0,-15.4,49.4
335.51,3.81,199.3,759.0,-15.5,49.2
337.52,3.81,199.3,759.0,-15.5,49.1
339.53,3.8,199.3,759.0,-15.5,49.1
341.54,3.8,199.3,759.0,-15.6,48.8
343.55,3.8,199.3,759.0,-15.6,50.1
345.55,3.8,199.2,759.0,-15.6,48.9
347.56,3.8,199.2,759.0,-15.6,48.7
349.57,3.8,199.2,757.0,-15.7,48.6
351.58,3.81,199.2,759.0,-15.7,49.4
353.59,3.8,199.2,757.0,-15.7,48.4
355.6,3.8,199.2,759.0,-15.7,48.1
357.61,3.8,199.1,757.0,-15.8,48.1
359.62,3.8,199.0,757.0,-15.8,48.1
361.63,3.8,199.1,757.0,-15.8,48.2
363.63,3.8,199.1,757.0,-15.8,49.0
365.64,3.8,199.1,757.0,-15.8,47.7
367.65,3.8,199.1,757.0,-15.9,47.8
369.66,3.8,199.1,757.0,-15.9,47.5
371.67,3.8,199.0,757.0,-15.9,48.4
373.68,3.8,199.0,757.0,-15.9,48.3
375.69,3.8,199.0,757.0,-15.9,47.5
377.7,3.8,199.0,757.0,-16.0,47.8
379.7,3.8,199.0,757.0,-16.0,47.3
381.71,3.8,199.0,757.0,-16.0,47.5
383.72,3.8,198.9,757.0,-16.0,47.5
385.73,3.8,198.9,757.0,-16.1,47.0
387.74,3.8,198.9,757.0,-16.1,46.8
389.75,3.8,198.9,757.0,-16.1,46.6
391.76,3.8,198.9,757.0,-16.1,47.6
393.77,3.8,198.9,757.0,-16.1,46.7
395.78,3.8,198.8,757.0,-16.2,46.5
397.79,3.8,198.8,757.0,-16.2,47.3
399.8,3.8,198.8,757.0,-16.2,46.5
401.8,3.8,198.8,757.0,-16.2,46.6
403.81,3.8,198.7,755.0,-16.2,46.5
405.82,3.8,198.7,757.0,-16.3,46.5
407.83,3.8,198.7,755.0,-16.3,46.4
409.84,3.8,198.8,755.0,-16.3,46.3
411.85,3.8,198.7,755.0,-16.3,46.4
413.86,3.8,198.6,755.0,-16.3,46.5
415.86,3.8,198.7,755.0,-16.3,45.8
417.88,3.8,198.6,755.0,-16.4,46.0
419.88,3.8,198.6,755.0,-16.4,46.2
421.89,3.8,198.6,755.0,-16.4,46.0
423.9,3.8,198.6,755.0,-16.4,45.8
425.91,3.8,198.5,754.0,-16.4,45.7
427.92,3.8,198.5,754.0,-16.5,45.7
429.93,3.8,198.5,754.0,-16.5,45.7
431.94,3.8,198.5,754.0,-16.5,45.5
433.95,3.8,198.5,754.0,-16.5,45.6
435.96,3.8,198.5,754.0,-16.5,45.6
437.97,3.8,198.5,754.0,-16.5,45.6
439.97,3.8,198.4,754.0,-16.6,45.5
441.98,3.8,198.4,754.0,-16.6,45.3
443.99,3.8,198.4,754.0,-16.6,45.4
446.0,3.8,198.4,754.0,-16.6,45.3
448.01,3.8,198.4,754.0,-16.6,45.2
450.02,3.8,198.3,754.0,-16.6,45.2
452.03,3.8,198.3,754.0,-16.6,45.1
454.04,3.8,198.3,754.0,-16.7,45.1
456.04,3.8,198.3,754.0,-16.7,45.0
458.05,3.8,198.3,754.0,-16.7,45.0
460.06,3.8,198.3,754.0,-16.7,44.8
462.07,3.8,198.3,754.0,-16.8,44.8
464.08,3.8,198.2,754.0,-16.8,44.6
466.09,3.8,198.2,754.0,-16.8,44.7
468.1,3.8,198.2,752.0,-16.8,44.7
470.11,3.8,198.2,752.0,-16.8,44.6
472.11,3.8,198.1,752.0,-16.8,44.5
474.12,3.8,198.2,752.0,-16.9,44.4
476.13,3.8,198.1,752.0,-16.9,44.4
478.14,3.8,198.0,752.0,-16.9,44.4
480.15,3.8,198.2,752.0,-16.9,44.4
482.16,3.8,198.1,752.0,-16.9,44.4
484.17,3.8,198.0,752.0,-16.9,44.3
486.17,3.8,198.0,752.0,-17.0,44.1
488.19,3.8,198.0,752.0,-17.0,44.2
490.19,3.8,198.0,752.0,-17.0,44.2
492.2,3.8,198.0,752.0,-17.0,44.0
494.21,3.8,198.0,752.0,-17.0,44.1
496.22,3.8,197.9,752.0,-17.0,43.9
498.23,3.8,197.9,752.0,-17.0,44.0
500.24,3.8,197.9,752.0,-17.1,43.9
502.25,3.8,198.0,752.0,-17.1,43.9
504.26,3.8,197.8,750.0,-17.1,43.9
506.27,3.8,197.9,750.0,-17.1,43.9
508.27,3.8,197.9,752.0,-17.1,43.8
510.28,3.8,197.9,752.0,-17.1,43.7
512.29,3.8,197.9,752.0,-17.1,43.7
514.3,3.8,197.9,752.0,-17.2,43.6
516.31,3.8,197.9,750.0,-17.2,43.6
518.32,3.8,197.9,750.0,-17.2,43.6
520.33,3.79,197.8,750.0,-17.2,43.5
522.34,3.79,197.8,750.0,-17.2,43.4
524.34,3.8,197.8,750.0,-17.2,43.4
526.35,3.79,197.8,750.0,-17.2,43.5
528.36,3.8,197.7,750.0,-17.3,43.5
530.37,3.79,197.8,750.0,-17.3,43.4
532.38,3.79,197.8,750.0,-17.3,43.3
534.39,3.79,197.7,750.0,-17.3,43.4
536.4,3.79,197.7,750.0,-17.3,43.3
538.41,3.79,197.8,750.0,-17.3,43.2
540.42,3.79,197.6,749.0,-17.3,43.1
542.42,3.79,197.6,749.0,-17.3,43.1
544.43,3.79,197.6,749.0,-17.4,43.1
546.44,3.79,197.5,749.0,-17.4,43.1
548.45,3.79,197.6,749.0,-17.4,43.1
550.46,3.79,197.6,749.0,-17.4,43.0
552.47,3.79,197.6,749.0,-17.4,43.0
554.48,3.79,197.5,749.0,-17.4,42.9
556.49,3.79,197.5,749.0,-17.4,42.9
558.5,3.79,197.5,749.0,-17.4,42.9
560.5,3.79,197.5,749.0,-17.4,42.9
562.51,3.79,197.4,749.0,-17.5,42.8
564.52,3.79,197.4,749.0,-17.5,42.8
566.53,3.79,197.4,749.0,-17.5,42.8
568.54,3.79,197.4,749.0,-17.5,42.7
570.55,3.79,197.4,749.0,-17.5,42.7
572.56,3.79,197.4,749.0,-17.5,42.7
574.57,3.79,197.4,749.0,-17.5,42.6
576.58,3.79,197.3,749.0,-17.5,42.6
578.58,3.79,197.3,749.0,-17.6,42.5
580.59,3.79,197.3,747.0,-17.6,42.5
582.6,3.79,197.3,747.0,-17.6,42.5
584.61,3.79,197.3,747.0,-17.6,42.4
586.62,3.79,197.2,747.0,-17.6,42.4
588.63,3.79,197.3,747.0,-17.6,42.5
590.64,3.79,197.2,747.0,-17.6,42.4
592.65,3.79,197.2,747.0,-17.6,42.3
594.65,3.79,197.2,747.0,-17.6,42.4
596.66,3.79,197.3,747.0,-17.7,42.3
598.67,3.79,197.2,747.0,-17.7,42.3
600.68,3.79,197.2,747.0,-17.7,42.3
602.69,3.79,197.2,747.0,-17.7,42.2
604.7,3.79,197.1,747.0,-17.7,42.3
606.71,3.79,197.2,747.0,-17.7,42.2
608.71,3.79,197.1,747.0,-17.7,42.3
610.72,3.79,197.1,747.0,-17.7,42.2
612.73,3.79,197.0,745.0,-17.7,42.2
614.74,3.79,197.0,745.0,-17.7,42.1
616.75,3.79,197.0,745.0,-17.7,42.2
618.76,3.79,197.0,745.0,-17.7,42.1
620.77,3.79,197.1,747.0,-17.8,42.2
622.77,3.79,197.0,745.0,-17.8,42.1
624.78,3.79,197.0,745.0,-17.8,42.1
626.79,3.79,197.0,745.0,-17.8,42.2
628.8,3.79,197.0,745.0,-17.8,42.0
630.81,3.79,197.0,745.0,-17.8,42.0
632.82,3.79,196.9,745.0,-17.8,42.0
634.83,3.79,197.0,745.0,-17.8,42.0
636.84,3.79,197.0,745.0,-17.8,42.0
638.84,3.78,197.0,745.0,-17.9,41.9
640.85,3.79,196.9,745.0,-17.9,41.9
642.86,3.79,196.9,745.0,-17.9,41.8
644.87,3.79,196.9,745.0,-17.9,41.8
646.88,3.78,196.8,745.0,-17.9,41.7
648.89,3.79,196.8,745.0,-17.9,41.8
650.9,3.78,196.9,745.0,-17.9,41.7
652.91,3.78,196.8,745.0,-17.9,41.7
654.91,3.78,196.8,745.0,-17.9,41.7
656.92,3.78,196.8,745.0,-17.9,41.8
658.93,3.78,196.7,744.0,-17.9,41.7
660.94,3.78,196.8,745.0,-17.9,41.8
662.95,3.78,196.7,744.0,-17.9,41.6
664.96,3.78,196.7,744.0,-17.9,41.7
666.97,3.78,196.6,744.0,-18.0,41.7
668.98,3.78,196.7,744.0,-18.0,41.7
670.98,3.78,196.7,744.0,-18.0,41.6
672.99,3.78,196.6,744.0,-18.0,41.5
675.0,3.78,196.7,744.0,-18.0,41.5
677.01,3.78,196.7,744.0,-18.0,41.6
679.02,3.78,196.6,744.0,-18.0,41.5
681.03,3.78,196.6,744.0,-18.0,41.6
683.04,3.78,196.6,744.0,-18.0,41.6
685.05,3.78,196.6,744.0,-18.0,41.6
687.05,3.78,196.5,744.0,-18.0,41.5
689.06,3.78,196.6,744.0,-18.1,41.4
691.07,3.78,196.6,744.0,-18.1,41.5
693.08,3.78,196.5,744.0,-18.1,41.5
695.09,3.78,196.5,742.0,-18.1,41.4
697.1,3.78,196.5,744.0,-18.1,41.5
699.11,3.78,196.5,742.0,-18.1,41.4
701.12,3.78,196.5,742.0,-18.1,41.3
703.13,3.78,196.5,744.0,-18.1,41.3
705.13,3.78,196.4,742.0,-18.1,41.3
707.14,3.78,196.4,742.0,-18.1,41.3
709.15,3.78,196.4,742.0,-18.1,41.3
711.16,3.78,196.4,742.0,-18.1,41.3
713.17,3.78,196.4,742.0,-18.1,41.3
715.18,3.78,196.3,742.0,-18.2,41.3
717.19,3.78,196.3,742.0,-18.2,41.2
719.2,3.78,196.4,742.0,-18.2,41.1
721.21,3.78,196.3,742.0,-18.2,41.2
723.22,3.78,196.3,742.0,-18.2,41.2
725.22,3.78,196.3,742.0,-18.2,41.3
727.23,3.78,196.3,742.0,-18.2,41.1
729.24,3.78,196.3,742.0,-18.2,41.2
731.25,3.78,196.3,742.0,-18.2,41.1
733.26,3.78,196.2,742.0,-18.2,41.1
735.27,3.78,196.3,742.0,-18.2,41.1
859.81,3.77,195.4,737.0,-18.6,40.6
861.82,3.77,195.4,737.0,-18.6,40.5
863.83,3.77,195.4,737.0,-18.6,40.6
865.84,3.77,195.4,737.0,-18.7,40.5
867.85,3.77,195.3,737.0,-18.6,40.5
869.86,3.77,195.4,737.0,-18.6,40.6
871.87,3.77,195.3,737.0,-18.7,40.5
873.88,3.77,195.3,736.0,-18.6,40.4
875.88,3.77,195.3,736.0,-18.6,40.6
877.89,3.77,195.3,737.0,-18.7,40.5
879.9,3.77,195.3,736.0,-18.7,40.5
881.91,3.77,195.3,737.0,-18.7,40.4
883.92,3.77,195.3,737.0,-18.7,40.5
885.93,3.77,195.2,736.0,-18.7,40.4
887.94,3.77,195.2,736.0,-18.7,40.4
889.95,3.77,195.3,736.0,-18.7,40.5
891.95,3.77,195.2,736.0,-18.7,40.5
893.96,3.77,195.2,736.0,-18.7,40.4
895.97,3.77,195.1,736.0,-18.7,40.4
897.98,3.77,195.2,736.0,-18.7,40.5
899.99,3.77,195.2,736.0,-18.7,40.4
902.0,3.77,195.1,736.0,-18.7,40.4
904.0,3.77,195.1,736.0,-18.7,40.4
906.01,3.77,195.1,736.0,-18.8,40.4
908.02,3.77,195.0,734.0,-18.7,40.3
984.36,3.76,194.6,732.0,-18.9,40.2
986.36,3.76,194.5,732.0,-18.9,40.2
988.38,3.76,194.6,732.0,-18.9,40.1
990.38,3.76,194.6,732.0,-18.9,40.2
992.39,3.76,194.6,732.0,-18.9,40.2
994.4,3.76,194.5,731.0,-18.9,40.2
996.41,3.76,194.6,732.0,-19.0,40.1
998.42,3.76,194.6,732.0,-18.9,40.1
1000.43,3.76,194.5,732.0,-19.0,40.1
1002.44,3.76,194.5,732.0,-18.9,40.1
1004.44,3.76,194.4,732.0,-18.9,40.1
1006.45,3.76,194.5,732.0,-19.0,40.1
1008.46,3.76,194.4,732.0,-19.0,40.1
1010.47,3.76,194.5,731.0,-19.0,40.1
1012.48,3.76,194.4,732.0,-19.0,40.2
1014.49,3.76,194.4,732.0,-19.0,40.1
1016.5,3.76,194.4,731.0,-19.0,40.0
1018.51,3.76,194.5,731.0,-19.0,40.1
1020.52,3.76,194.4,732.0,-19.0,40.1
1022.53,3.76,194.4,731.0,-19.0,40.1
1024.53,3.76,194.4,731.0,-19.0,40.1
1026.54,3.76,194.3,731.0,-19.0,40.0
1028.55,3.76,194.4,732.0,-19.0,40.1
1030.56,3.76,194.3,731.0,-19.0,40.1
101056.67,3.76,194.2,731.0,-19.1,40.0
1058.68,3.76,194.2,731.0,-19.1,39.9
1060.69,3.76,194.2,731.0,-19.1,39.9
1062.7,3.76,194.1,731.0,-19.1,39.8
1064.71,3.76,194.1,729.0,-19.1,39.9
1066.72,3.76,194.2,731.0,-19.1,39.8
1068.73,3.76,194.2,731.0,-19.1,39.8
1070.74,3.76,194.1,731.0,-19.1,39.8
1072.75,3.76,194.2,729.0,-19.1,39.8
1074.75,3.76,194.0,729.0,-19.1,39.8
1076.76,3.76,194.1,729.0,-19.1,39.7
1078.77,3.76,194.1,729.0,-19.2,39.7
1080.78,3.76,194.1,729.0,-19.2,39.8
1082.79,3.76,194.1,729.0,-19.1,39.7
1084.8,3.76,194.0,729.0,-19.2,39.8
1086.81,3.76,194.0,729.0,-19.2,39.7
1088.81,3.76,194.0,729.0,-19.2,39.7
1090.82,3.76,194.0,729.0,-19.2,39.6
1092.83,3.76,194.0,729.0,-19.2,39.7
1094.84,3.76,194.0,729.0,-19.2,39.5
1096.85,3.76,194.0,729.0,-19.2,39.5
1098.86,3.76,194.0,729.0,-19.2,39.5
1100.87,3.76,194.0,729.0,-19.3,39.5
1102.88,3.76,194.0,729.0,-19.3,39.4
1104.89,3.76,194.0,729.0,-19.2,39.6
2752.15,3.74,192.5,719.0,-15.0,47.7
2754.15,3.74,192.5,719.0,-15.0,47.1
2756.16,3.74,192.5,719.0,-15.0,48.3
2758.17,3.74,192.4,719.0,-15.0,47.5
2760.18,3.74,192.5,719.0,-15.0,48.3
2762.19,3.74,192.4,719.0,-15.0,47.2
2764.2,3.74,192.5,719.0,-15.0,47.5
2766.21,3.74,192.5,719.0,-15.0,47.0
2768.22,3.74,192.5,719.0,-15.0,47.8
2770.23,3.74,192.6,721.0,-15.0,47.6
2772.23,3.74,192.5,719.0,-14.9,48.3
2774.24,3.74,192.4,719.0,-15.0,47.4
2776.25,3.74,192.4,719.0,-14.9,47.2
2778.26,3.74,192.4,719.0,-15.0,47.9
2780.27,3.74,192.5,719.0,-15.0,47.6
2782.28,3.74,192.4,719.0,-15.0,47.5
2784.29,3.74,192.5,719.0,-14.9,48.3
2786.3,3.74,192.4,719.0,-15.0,47.1
2788.3,3.74,192.5,719.0,-15.0,48.1
2790.31,3.74,192.4,719.0,-14.9,47.2
2792.32,3.74,192.4,719.0,-14.9,48.1
2794.33,3.74,192.5,719.0,-14.9,47.6
2796.34,3.74,192.4,719.0,-14.9,47.3
2798.35,3.74,192.4,719.0,-15.0,48.1
2800.36,3.74,192.5,719.0,-14.9,47.3
4395.38,3.68,186.4,687.0,-19.7,36.6
4397.39,3.68,186.4,687.0,-19.8,36.6
4399.4,3.68,186.3,685.0,-19.7,36.5
4401.41,3.68,186.3,685.0,-19.8,36.6
4403.42,3.68,186.4,687.0,-19.7,36.5
4405.43,3.68,186.3,687.0,-19.7,36.4
4407.44,3.68,186.3,685.0,-19.8,36.4
4409.45,3.68,186.3,687.0,-19.7,36.5
4411.45,3.68,186.4,685.0,-19.7,36.6
4413.46,3.68,186.4,687.0,-19.7,36.5
4415.47,3.68,186.3,685.0,-19.7,36.5
4417.48,3.68,186.3,685.0,-19.7,36.5
4419.49,3.68,186.3,685.0,-19.7,36.5
4421.5,3.68,186.4,687.0,-19.7,36.5
4423.51,3.68,186.3,685.0,-19.7,36.5
4425.52,3.68,186.3,685.0,-19.7,36.5
4427.53,3.68,186.3,685.0,-19.7,36.6
4429.54,3.68,186.3,685.0,-19.7,36.5
4431.54,3.68,186.3,685.0,-19.7,36.6
4433.55,3.68,186.3,685.0,-19.7,36.5
4435.56,3.68,186.3,685.0,-19.6,36.7
4437.57,3.68,186.3,685.0,-19.6,36.6
4439.58,3.68,186.3,685.0,-19.6,36.7
4441.59,3.68,186.3,685.0,-19.6,36.6
5986.4,3.67,185.7,682.0,-15.1,45.6
5988.41,3.67,185.6,682.0,-15.1,45.8
5990.42,3.67,185.6,682.0,-15.1,45.8
5992.43,3.67,185.6,682.0,-15.1,46.3
5994.44,3.67,185.6,682.0,-15.1,47.0
5996.45,3.67,185.6,682.0,-15.1,46.1
5998.45,3.67,185.6,682.0,-15.1,46.1
6000.46,3.67,185.6,682.0,-15.1,47.0
6002.47,3.67,185.6,682.0,-15.1,46.1
6004.48,3.67,185.6,682.0,-15.1,46.8
6006.49,3.67,185.6,682.0,-15.1,46.4
6008.5,3.67,185.6,682.0,-15.1,47.1
6010.51,3.67,185.6,682.0,-15.1,46.9
6012.52,3.67,185.6,682.0,-15.1,45.9
6014.53,3.67,185.6,682.0,-15.1,46.2
6016.54,3.67,185.6,682.0,-15.1,47.1
6018.54,3.67,185.6,682.0,-15.1,46.2
6020.55,3.67,185.7,682.0,-15.1,46.1
6022.56,3.67,185.6,682.0,-15.1,45.9
6024.57,3.67,185.6,682.0,-15.1,46.6
6026.58,3.67,185.6,682.0,-15.1,47.1
6028.59,3.67,185.5,682.0,-15.1,46.1
6030.6,3.67,185.6,682.0,-15.1,46.3
6032.61,3.67,185.6,682.0,-15.1,46.4
6034.62,3.67,185.6,682.0,-15.1,46.3
7529.21,3.62,180.1,650.0,-19.3,37.3
7531.22,3.62,180.1,652.0,-19.3,37.3
7533.23,3.62,180.1,652.0,-19.3,37.2
7535.24,3.62,180.1,652.0,-19.3,37.2
7537.25,3.62,180.1,652.0,-19.3,37.1
7539.26,3.62,180.1,652.0,-19.3,37.2
7541.27,3.62,180.0,650.0,-19.3,37.2
7543.28,3.62,180.0,650.0,-19.4,37.1
7545.28,3.62,180.0,652.0,-19.4,37.2
7547.29,3.62,180.0,650.0,-19.4,37.1
7549.3,3.62,180.0,652.0,-19.4,37.1
7551.31,3.62,180.0,652.0,-19.4,37.1
7553.32,3.62,180.0,650.0,-19.4,37.2
7555.33,3.62,180.0,652.0,-19.4,37.1
7557.34,3.62,179.9,650.0,-19.4,37.1
7559.35,3.62,180.0,650.0,-19.4,37.1
7561.35,3.62,179.9,650.0,-19.4,37.0
7563.36,3.62,179.9,650.0,-19.4,36.9
7565.37,3.62,180.0,650.0,-19.4,36.9
7567.38,3.62,179.8,650.0,-19.4,36.9
7569.39,3.62,179.9,650.0,-19.5,36.9
7571.4,3.62,179.9,650.0,-19.5,36.9
7573.4,3.62,179.9,650.0,-19.5,36.8
7575.41,3.62,179.9,650.0,-19.5,36.9
9019.79,3.61,178.8,646.0,-15.4,45.7
9021.79,3.6,178.8,646.0,-15.4,44.8
9023.8,3.6,178.8,646.0,-15.4,45.0
9025.81,3.61,178.8,644.0,-15.4,44.9
9027.82,3.6,178.8,644.0,-15.4,44.9
9029.83,3.6,178.8,644.0,-15.4,45.3
9031.84,3.6,178.8,644.0,-15.4,45.0
9033.85,3.61,178.8,644.0,-15.4,45.1
9035.85,3.6,178.8,644.0,-15.4,46.1
9037.86,3.6,178.8,646.0,-15.4,45.1
9039.87,3.6,178.8,644.0,-15.3,45.1
9041.88,3.61,178.8,646.0,-15.4,46.2
9043.89,3.6,178.8,644.0,-15.3,45.1
9045.9,3.6,178.8,644.0,-15.4,45.9
9047.91,3.6,178.8,644.0,-15.4,46.4
9049.92,3.6,178.9,646.0,-15.3,45.1
9051.92,3.6,178.8,644.0,-15.3,46.1
9053.93,3.61,178.8,646.0,-15.3,46.5
9055.94,3.6,178.9,644.0,-15.3,45.3
9057.95,3.6,178.8,644.0,-15.3,46.4
9059.96,3.61,178.8,646.0,-15.3,46.4
9061.97,3.6,178.8,644.0,-15.3,45.8
9063.98,3.6,178.8,644.0,-15.3,45.1
9065.99,3.6,178.8,646.0,-15.3,46.4
10458.14,3.57,175.2,626.0,-18.6,38.0
10460.14,3.57,175.2,626.0,-18.6,38.1
10462.15,3.57,175.2,626.0,-18.6,38.0
10464.16,3.57,175.2,626.0,-18.6,38.0
10466.17,3.57,175.1,626.0,-18.6,38.1
10468.18,3.57,175.1,626.0,-18.6,38.1
10470.19,3.57,175.2,626.0,-18.6,38.1
10472.2,3.57,175.2,626.0,-18.6,38.1
10474.21,3.57,175.1,624.0,-18.6,38.1
10476.22,3.57,175.1,626.0,-18.6,38.0
10478.23,3.57,175.1,626.0,-18.7,38.1
10480.24,3.57,175.1,624.0,-18.6,38.1
10482.24,3.57,175.1,626.0,-18.6,38.0
10484.25,3.57,175.1,626.0,-18.6,38.1
10486.26,3.57,175.0,626.0,-18.6,38.0
10488.27,3.57,175.0,624.0,-18.6,38.0
10490.28,3.57,175.0,624.0,-18.7,38.1
10492.29,3.57,175.0,626.0,-18.6,38.0
10494.3,3.57,174.9,624.0,-18.6,38.0
10496.31,3.57,175.0,624.0,-18.7,38.1
10498.32,3.57,175.0,624.0,-18.7,38.1
10500.32,3.57,175.0,626.0,-18.7,38.0
10502.33,3.57,175.0,624.0,-18.7,38.1
10504.34,3.57,175.0,624.0,-18.7,38.1
10506.35,3.57,175.0,624.0,-18.7,38.0
11848.27,3.55,172.7,613.0,-16.3,43.2
11850.28,3.55,172.7,613.0,-16.3,43.3
11852.29,3.55,172.7,613.0,-16.3,43.3
11854.3,3.55,172.7,613.0,-16.3,43.6
11856.31,3.55,172.7,613.0,-16.2,44.1
11858.32,3.55,172.7,613.0,-16.2,43.6
11860.33,3.55,172.7,613.0,-16.3,43.5
11862.34,3.55,172.7,613.0,-16.2,43.9
11864.34,3.55,172.7,613.0,-16.2,43.7
11866.36,3.55,172.7,613.0,-16.3,43.4
11868.36,3.55,172.7,613.0,-16.2,43.5
11870.37,3.55,172.6,613.0,-16.2,43.4
11872.38,3.55,172.7,613.0,-16.2,43.3
11874.39,3.55,172.7,613.0,-16.2,43.5
11876.4,3.55,172.7,613.0,-16.2,43.7
11878.41,3.55,172.7,613.0,-16.2,43.7
11880.42,3.55,172.7,613.0,-16.2,43.6
11882.42,3.55,172.7,613.0,-16.2,43.5
11884.43,3.55,172.7,613.0,-16.2,43.4
11886.44,3.55,172.7,613.0,-16.2,43.9
11888.45,3.55,172.8,613.0,-16.2,43.8
11890.46,3.55,172.7,613.0,-16.2,43.5
11892.47,3.55,172.7,613.0,-16.2,43.6
11894.48,3.55,172.7,613.0,-16.2,43.8
11896.49,3.55,172.7,613.0,-16.2,43.8
13188.2,3.54,171.9,608.0,-14.5,48.7
13190.21,3.54,171.8,608.0,-14.5,49.1
13192.22,3.54,171.8,608.0,-14.5,49.2
13194.23,3.54,171.8,608.0,-14.5,48.4
13196.24,3.54,171.8,608.0,-14.6,48.8
13198.25,3.54,171.8,608.0,-14.6,48.1
13200.26,3.54,171.8,608.0,-14.6,48.0
13202.26,3.54,171.8,608.0,-14.6,48.4
13204.27,3.54,171.8,608.0,-14.6,47.8
13206.28,3.54,171.8,608.0,-14.7,48.2
13208.29,3.54,171.8,608.0,-14.7,48.4
13210.3,3.54,171.8,608.0,-14.7,47.7
13212.31,3.54,171.8,608.0,-14.7,47.4
13214.32,3.54,171.7,608.0,-14.7,47.9
13216.33,3.54,171.8,608.0,-14.7,47.7
13218.34,3.54,171.8,608.0,-14.7,47.1
13220.35,3.54,171.8,608.0,-14.8,47.2
13222.35,3.54,171.8,608.0,-14.8,47.7
13224.36,3.54,171.8,608.0,-14.8,47.2
13226.37,3.54,171.7,608.0,-14.8,47.3
13228.38,3.54,171.8,608.0,-14.8,47.6
13230.39,3.54,171.7,608.0,-14.9,46.4
13232.4,3.54,171.7,608.0,-14.8,46.3
13234.41,3.54,171.7,608.0,-14.9,47.3
14475.91,3.49,166.8,583.0,-18.9,38.5
14477.92,3.49,166.8,583.0,-18.9,38.5
14479.93,3.49,166.8,583.0,-18.9,38.6
14481.94,3.49,166.8,583.0,-18.8,38.5
14483.95,3.49,166.8,583.0,-18.9,38.6
14485.95,3.49,166.7,582.0,-18.8,38.7
14487.96,3.49,166.8,583.0,-18.8,38.6
14489.97,3.49,166.8,583.0,-18.8,38.7
14491.98,3.49,166.8,583.0,-18.8,38.7
14493.99,3.49,166.8,583.0,-18.8,38.8
14496.0,3.5,166.8,583.0,-18.8,38.8
14498.01,3.49,166.8,583.0,-18.7,38.8
14500.02,3.49,166.7,583.0,-18.7,38.8
14502.03,3.49,166.8,583.0,-18.7,38.8
14504.03,3.49,166.7,582.0,-18.7,38.9
14506.04,3.49,166.8,583.0,-18.7,38.9
14508.05,3.49,166.7,583.0,-18.7,38.9
14510.06,3.5,166.8,583.0,-18.7,39.0
14512.07,3.5,166.8,583.0,-18.7,39.0
14514.08,3.49,166.8,582.0,-18.7,38.9
14516.09,3.49,166.7,583.0,-18.6,39.0
14518.09,3.49,166.7,583.0,-18.6,39.1
14520.1,3.49,166.8,583.0,-18.6,39.1
14522.11,3.49,166.8,583.0,-18.6,39.1
14524.12,3.49,166.8,583.0,-18.6,39.1
15713.39,3.49,166.8,583.0,-15.5,45.5
15715.4,3.49,166.8,583.0,-15.5,45.4
15717.41,3.49,166.8,583.0,-15.5,45.3
15719.42,3.49,166.8,583.0,-15.5,46.5
15721.43,3.49,166.8,583.0,-15.5,45.4
15723.44,3.49,166.8,583.0,-15.5,46.0
15725.45,3.49,166.8,582.0,-15.5,45.5
15727.46,3.49,166.8,583.0,-15.5,45.4
15729.47,3.49,166.8,583.0,-15.5,46.4
15731.47,3.5,166.8,583.0,-15.5,45.4
15733.48,3.49,166.9,583.0,-15.5,45.5
15735.49,3.49,166.8,583.0,-15.5,45.5
15737.5,3.49,166.8,583.0,-15.5,45.6
15739.51,3.49,166.8,583.0,-15.5,45.7
15741.52,3.49,166.8,583.0,-15.5,45.6
15743.53,3.49,166.8,583.0,-15.5,46.0
15745.54,3.49,166.8,583.0,-15.5,46.8
15747.55,3.49,166.8,583.0,-15.5,45.5
15749.56,3.49,166.8,583.0,-15.5,46.8
15751.56,3.49,166.9,583.0,-15.5,45.7
15753.57,3.49,166.9,582.0,-15.5,45.6
15755.58,3.49,166.8,583.0,-15.5,46.6
15757.59,3.49,166.8,583.0,-15.5,45.6
15759.6,3.49,166.8,583.0,-15.5,45.7
15761.61,3.49,166.8,583.0,-15.5,45.6
16902.66,3.47,164.7,572.0,-17.7,38.5
16904.67,3.47,164.7,572.0,-17.7,38.6
16906.68,3.48,164.8,572.0,-17.7,38.5
16908.69,3.47,164.7,572.0,-17.7,38.5
16910.7,3.47,164.7,572.0,-17.7,38.5
16912.7,3.47,164.7,572.0,-17.8,38.6
16914.71,3.47,164.6,572.0,-17.8,38.5
16916.73,3.47,164.6,572.0,-17.8,38.4
16918.73,3.47,164.7,572.0,-17.8,38.4
16920.74,3.47,164.7,572.0,-17.8,38.4
16922.75,3.47,164.6,572.0,-17.8,38.5
16924.76,3.47,164.6,572.0,-17.8,38.4
16926.77,3.47,164.6,572.0,-17.8,38.4
16928.78,3.47,164.6,572.0,-17.8,38.4
16930.78,3.47,164.5,572.0,-17.9,38.4
16932.79,3.47,164.6,572.0,-17.9,38.4
16934.8,3.47,164.6,572.0,-17.9,38.3
16936.81,3.47,164.5,572.0,-17.9,38.4
16938.82,3.47,164.5,572.0,-17.9,38.3
16940.83,3.47,164.5,572.0,-17.9,38.3
16942.84,3.47,164.5,572.0,-17.9,38.3
16944.84,3.47,164.5,572.0,-17.9,38.3
16946.85,3.47,164.5,572.0,-17.9,38.3
16948.86,3.47,164.5,570.0,-17.9,38.2
18039.7,3.44,161.5,555.0,-17.6,41.0
18041.71,3.44,161.5,555.0,-17.6,41.1
18043.72,3.44,161.5,557.0,-17.6,41.0
18045.73,3.44,161.5,555.0,-17.6,41.0
18047.74,3.44,161.6,557.0,-17.6,41.1
18049.75,3.45,161.6,557.0,-17.5,41.0
18051.75,3.44,161.6,557.0,-17.5,41.1
18053.76,3.44,161.6,557.0,-17.5,41.0
18055.77,3.44,161.6,557.0,-17.5,41.1
18057.78,3.44,161.5,557.0,-17.5,41.1
18059.79,3.44,161.6,557.0,-17.5,41.0
18061.8,3.44,161.6,557.0,-17.5,41.1
18063.81,3.44,161.6,557.0,-17.5,41.1
18065.82,3.44,161.6,555.0,-17.5,41.2
18067.83,3.45,161.5,557.0,-17.5,41.2
18069.83,3.44,161.6,557.0,-17.5,41.2
18071.84,3.44,161.6,557.0,-17.5,41.2
18073.85,3.45,161.6,555.0,-17.5,41.3
18075.86,3.44,161.5,555.0,-17.5,41.2
18077.87,3.44,161.6,557.0,-17.5,41.2
18079.88,3.44,161.5,557.0,-17.4,41.2
18081.89,3.45,161.6,557.0,-17.4,41.3
18083.9,3.45,161.6,557.0,-17.4,41.2
18085.91,3.44,161.6,557.0,-17.4,41.4
19102.43,3.45,161.7,557.0,-15.5,45.8
19104.44,3.44,161.7,557.0,-15.5,45.6
19106.45,3.45,161.7,557.0,-15.5,45.7
19108.46,3.45,161.7,557.0,-15.5,45.8
19110.47,3.44,161.7,557.0,-15.5,45.7
19112.47,3.44,161.7,557.0,-15.5,45.6
19114.48,3.44,161.8,557.0,-15.5,46.9
19116.49,3.45,161.8,559.0,-15.5,46.6
19118.5,3.45,161.7,557.0,-15.5,46.9
19120.51,3.45,161.6,559.0,-15.5,45.8
19122.52,3.45,161.7,557.0,-15.5,46.9
19124.53,3.45,161.7,557.0,-15.5,45.7
19126.54,3.45,161.7,557.0,-15.5,47.0
19128.55,3.45,161.8,557.0,-15.5,45.8
19130.55,3.44,161.7,557.0,-15.5,45.8
19132.57,3.44,161.8,557.0,-15.5,45.9
19134.57,3.45,161.8,557.0,-15.5,46.4
19136.58,3.45,161.7,557.0,-15.5,45.9
19138.59,3.45,161.7,557.0,-15.5,46.2
19140.6,3.45,161.7,557.0,-15.5,45.9
19142.61,3.45,161.8,557.0,-15.4,47.0
19144.62,3.45,161.7,557.0,-15.5,45.9
19146.63,3.44,161.7,557.0,-15.4,47.0
19148.64,3.44,161.7,557.0,-15.4,47.0
19150.65,3.45,161.7,557.0,-15.5,45.9
19152.65,3.44,161.8,557.0,-15.5,45.9
19154.66,3.45,161.7,557.0,-15.4,46.0
19156.67,3.44,161.7,557.0,-15.5,45.8
19158.68,3.44,161.8,557.0,-15.5,45.8
19160.69,3.45,161.8,559.0,-15.4,47.1
19162.7,3.45,161.8,557.0,-15.4,46.1
19164.7,3.44,161.7,557.0,-15.4,45.9
19166.72,3.45,161.8,557.0,-15.4,47.1
19168.72,3.44,161.7,559.0,-15.4,45.9
19170.73,3.44,161.8,559.0,-15.4,46.2
19172.74,3.44,161.7,557.0,-15.4,46.1
19174.75,3.45,161.8,559.0,-15.4,46.0
19176.76,3.45,161.7,557.0,-15.4,46.1
19178.77,3.44,161.8,557.0,-15.4,46.0
19180.78,3.44,161.8,557.0,-15.4,46.1
19182.79,3.44,161.7,557.0,-15.4,46.1
19184.8,3.45,161.7,557.0,-15.4,46.0
19186.81,3.45,161.7,557.0,-15.4,46.1
19188.81,3.45,161.7,557.0,-15.4,46.0
19190.82,3.45,161.8,557.0,-15.4,46.2
19192.83,3.44,161.7,557.0,-15.4,46.2
19194.84,3.44,161.7,557.0,-15.4,47.2
19196.85,3.44,161.7,557.0,-15.4,47.3
19198.86,3.44,161.7,557.0,-15.4,46.2
19200.87,3.45,161.8,557.0,-15.4,46.3
19202.88,3.44,161.7,559.0,-15.4,46.3
19204.89,3.45,161.7,557.0,-15.4,46.2
19206.89,3.44,161.5,555.0,-15.4,46.2
19208.9,3.44,161.4,555.0,-15.4,46.1
19210.91,3.44,161.5,555.0,-15.4,46.2
19212.92,3.44,161.5,555.0,-15.4,46.3
19214.93,3.44,161.4,555.0,-15.4,46.2
19216.94,3.44,161.4,555.0,-15.4,46.3
19218.95,3.44,161.4,555.0,-15.4,47.6
19220.96,3.44,161.4,555.0,-15.4,47.5
19222.97,3.44,161.5,555.0,-15.3,46.4
19224.97,3.44,161.5,555.0,-15.4,47.0
19226.99,3.44,161.5,555.0,-15.4,47.5
19228.99,3.44,161.5,555.0,-15.4,46.2
19231.0,3.44,161.5,555.0,-15.4,47.7
19233.01,3.44,161.5,555.0,-15.3,46.6
19235.02,3.44,161.5,555.0,-15.4,46.3
19237.03,3.44,161.5,555.0,-15.4,46.7
19239.04,3.44,161.5,555.0,-15.4,46.4
19241.05,3.44,161.4,555.0,-15.3,46.5
19243.06,3.44,161.4,555.0,-15.3,46.3
19245.06,3.44,161.4,555.0,-15.4,47.6
19247.07,3.44,161.5,555.0,-15.3,46.5
19249.08,3.44,161.5,555.0,-15.3,46.5
19251.09,3.44,161.6,555.0,-15.3,47.8
19253.1,3.44,161.4,555.0,-15.3,46.6
19255.11,3.44,161.4,555.0,-15.3,46.6
19257.12,3.44,161.5,555.0,-15.3,46.4
19259.12,3.44,161.4,555.0,-15.3,47.7
19261.14,3.44,161.5,555.0,-15.3,47.7
19263.14,3.44,161.5,555.0,-15.4,47.6
19265.15,3.44,161.5,555.0,-15.3,47.7
19267.16,3.44,161.4,555.0,-15.3,46.8
19269.17,3.44,161.5,555.0,-15.3,46.6
19271.18,3.44,161.5,555.0,-15.3,46.6
19273.19,3.44,161.5,555.0,-15.3,47.9
19275.2,3.44,161.4,555.0,-15.3,46.6
19277.2,3.44,161.5,555.0,-15.3,46.6
19279.21,3.44,161.5,555.0,-15.3,47.8
19281.22,3.44,161.5,555.0,-15.3,46.6
19283.23,3.44,161.5,555.0,-15.3,47.7
19285.24,3.44,161.4,555.0,-15.3,47.8
19287.25,3.44,161.5,555.0,-15.3,46.7
19289.26,3.44,161.5,555.0,-15.3,48.0
19291.27,3.44,161.3,555.0,-15.3,46.7
19293.28,3.44,161.4,555.0,-15.3,48.0
19295.28,3.44,161.4,555.0,-15.3,48.0
19297.29,3.44,161.4,555.0,-15.3,47.0
19299.3,3.44,161.4,555.0,-15.3,47.1
19301.31,3.44,161.4,555.0,-15.3,46.8
19303.32,3.44,161.4,555.0,-15.3,47.1
19305.33,3.44,161.4,555.0,-15.3,47.4
19307.34,3.44,161.4,555.0,-15.3,48.1
19309.35,3.44,161.4,555.0,-15.3,46.8
19311.36,3.44,161.4,555.0,-15.3,48.1
19313.36,3.44,161.5,555.0,-15.3,46.9
19315.37,3.44,161.4,555.0,-15.3,46.9
19317.39,3.44,161.5,555.0,-15.3,46.8
19319.39,3.44,161.4,555.0,-15.3,46.9
19321.4,3.44,161.5,555.0,-15.3,47.0
19323.41,3.44,161.5,555.0,-15.3,48.2
19325.42,3.44,161.4,555.0,-15.2,46.9
19327.43,3.44,161.5,555.0,-15.3,47.0
19329.44,3.44,161.4,555.0,-15.3,47.1
19331.44,3.44,161.4,555.0,-15.2,48.3
19333.45,3.44,161.4,555.0,-15.2,48.3
19335.46,3.44,161.4,555.0,-15.3,48.3
19337.47,3.44,161.4,555.0,-15.2,48.1
19339.48,3.44,161.4,555.0,-15.2,48.3
19341.49,3.44,161.4,555.0,-15.2,47.1
19343.5,3.44,161.4,555.0,-15.2,47.1
19345.51,3.44,161.4,555.0,-15.2,48.3
19347.52,3.44,161.4,555.0,-15.2,47.2
19349.52,3.44,161.4,555.0,-15.2,47.2
19351.53,3.44,161.4,555.0,-15.2,47.2
19353.54,3.44,161.4,555.0,-15.2,47.4
19355.55,3.44,161.4,555.0,-15.2,47.4
19357.56,3.44,161.4,555.0,-15.2,47.3
19359.57,3.44,161.5,555.0,-15.2,47.3
19361.58,3.44,161.4,555.0,-15.2,47.4
19363.59,3.44,161.4,555.0,-15.2,48.6
19365.6,3.44,161.4,555.0,-15.2,47.4
19367.6,3.44,161.4,555.0,-15.2,47.3
19369.61,3.44,161.4,555.0,-15.2,48.6
19371.62,3.44,161.5,555.0,-15.2,48.5
19373.63,3.44,161.3,555.0,-15.2,47.2
19375.64,3.44,161.4,555.0,-15.2,47.7
19377.65,3.44,161.5,555.0,-15.2,47.4
19379.66,3.44,161.5,555.0,-15.2,47.4
19381.67,3.44,161.4,555.0,-15.2,48.3
19383.68,3.44,161.4,555.0,-15.2,47.5
19385.68,3.44,161.4,555.0,-15.2,48.6
19387.7,3.44,161.4,555.0,-15.2,47.7
19389.7,3.44,161.4,555.0,-15.2,47.7
19391.71,3.44,161.5,555.0,-15.2,48.7
19393.72,3.44,161.4,555.0,-15.2,47.6
19395.73,3.44,161.4,555.0,-15.2,47.5
19397.74,3.44,161.4,555.0,-15.2,47.5
19399.75,3.44,161.4,555.0,-15.2,47.6
19401.76,3.44,161.4,555.0,-15.2,47.7
19403.77,3.44,161.4,555.0,-15.2,47.6
19405.77,3.44,161.3,555.0,-15.2,47.7
19407.78,3.44,161.5,555.0,-15.2,47.7
19409.8,3.44,161.4,555.0,-15.2,48.5
19411.8,3.44,161.5,555.0,-15.2,47.6
19413.81,3.44,161.4,555.0,-15.2,47.9
19415.82,3.44,161.4,555.0,-15.2,49.1
19417.83,3.44,161.4,555.0,-15.1,47.7
19419.84,3.44,161.5,555.0,-15.2,49.1
19421.85,3.44,161.4,555.0,-15.2,47.5
19423.86,3.44,161.4,555.0,-15.1,48.6
19425.86,3.44,161.4,555.0,-15.2,49.0
19427.87,3.44,161.4,555.0,-15.1,48.2
19429.88,3.44,161.4,555.0,-15.1,48.3
19431.89,3.44,161.4,555.0,-15.1,48.0
19433.9,3.44,161.4,555.0,-15.1,47.8
19435.91,3.44,161.4,555.0,-15.1,49.1
19437.92,3.44,161.4,555.0,-15.1,49.1
19439.93,3.44,161.4,555.0,-15.1,49.1
19441.94,3.44,161.3,555.0,-15.1,48.3
19443.94,3.44,161.4,555.0,-15.1,48.0
19445.95,3.44,161.4,555.0,-15.1,48.1
19447.96,3.44,161.4,555.0,-15.1,47.9
19449.97,3.44,161.4,555.0,-15.1,49.3
19451.98,3.44,161.4,555.0,-15.1,47.9
19453.99,3.44,161.5,555.0,-15.1,48.7
19456.0,3.44,161.4,555.0,-15.1,49.2
19458.01,3.44,161.3,555.0,-15.1,48.7
19460.02,3.44,161.4,555.0,-15.1,48.2
19462.02,3.44,161.4,555.0,-15.1,48.3
19464.03,3.44,161.4,555.0,-15.1,48.3
19466.04,3.44,161.4,555.0,-15.1,49.4
19468.05,3.44,161.4,555.0,-15.1,48.9
19470.06,3.44,161.4,555.0,-15.1,49.3
19472.07,3.44,161.4,555.0,-15.1,48.2
19474.08,3.44,161.4,555.0,-15.1,48.2
19476.09,3.44,161.4,555.0,-15.1,48.3
19478.1,3.44,161.3,555.0,-15.1,49.5
19480.1,3.44,161.4,555.0,-15.1,48.6
19482.12,3.44,161.3,555.0,-15.1,48.3
19484.12,3.44,161.3,555.0,-15.1,48.5
19486.13,3.44,161.4,555.0,-15.1,49.0
19488.14,3.44,161.4,555.0,-15.1,48.5
19490.15,3.44,161.3,555.0,-15.1,48.2
19492.16,3.44,161.4,555.0,-15.1,48.7
19494.17,3.44,161.4,555.0,-15.1,48.7
19496.18,3.44,161.3,555.0,-15.1,48.2
19498.18,3.44,161.4,555.0,-15.1,48.6
19500.19,3.44,161.3,555.0,-15.1,49.6
19502.2,3.44,161.4,555.0,-15.1,48.5
19504.21,3.44,161.3,555.0,-15.1,48.8
19506.22,3.44,161.4,555.0,-15.1,48.7
19508.23,3.44,161.4,555.0,-15.1,48.5
19510.24,3.44,161.4,555.0,-15.1,48.6
19512.25,3.44,161.4,555.0,-15.1,48.3
19514.26,3.44,161.4,555.0,-15.1,48.8
19516.27,3.44,161.3,555.0,-15.1,49.0
19518.28,3.44,161.3,555.0,-15.1,48.5
19520.28,3.44,161.3,555.0,-15.1,48.5
19522.29,3.44,161.3,555.0,-15.1,49.7
19524.3,3.44,161.3,555.0,-15.1,49.0
19526.31,3.44,161.4,555.0,-15.1,48.5
19528.32,3.44,161.4,555.0,-15.1,48.7
19530.33,3.44,161.3,555.0,-15.1,48.7
19532.34,3.44,161.4,555.0,-15.1,48.9
19534.35,3.44,161.3,555.0,-15.1,49.6
19536.36,3.44,161.3,555.0,-15.1,49.2
19538.36,3.44,161.3,555.0,-15.1,49.7
19540.38,3.44,161.3,555.0,-15.1,49.1
19542.39,3.44,161.4,555.0,-15.0,48.8
19544.39,3.44,161.4,555.0,-15.1,49.2
19546.4,3.44,161.3,555.0,-15.0,49.3
19548.41,3.44,161.4,555.0,-15.0,49.3
19550.42,3.44,161.3,555.0,-15.0,49.0
19552.43,3.44,161.3,555.0,-15.0,49.6
19554.44,3.44,161.4,555.0,-15.0,49.3
19556.44,3.44,161.3,555.0,-15.0,48.7
19558.46,3.44,161.3,555.0,-15.1,49.1
19560.47,3.44,161.4,555.0,-15.0,50.0
19562.47,3.44,161.4,555.0,-15.0,49.6
19564.48,3.44,161.3,555.0,-15.0,49.0
19566.49,3.44,161.4,555.0,-15.0,49.0
19568.5,3.44,161.3,555.0,-15.0,49.0
19570.51,3.44,161.4,555.0,-15.0,49.3
19572.52,3.44,161.4,555.0,-15.0,49.6
19574.53,3.44,161.4,555.0,-15.0,49.0
19576.54,3.44,161.3,555.0,-15.0,49.2
19578.55,3.44,161.3,555.0,-15.0,50.2
19580.56,3.44,161.3,555.0,-15.0,49.9
19582.57,3.44,161.3,555.0,-15.0,49.2
19584.57,3.44,161.4,555.0,-15.0,49.6
19586.58,3.44,161.4,555.0,-15.0,49.7
19588.59,3.44,161.3,555.0,-15.0,50.1
19590.6,3.44,161.3,555.0,-15.0,49.5
19592.61,3.44,161.4,555.0,-15.0,49.4
19594.62,3.44,161.4,555.0,-15.0,49.5
19596.62,3.44,161.3,555.0,-15.0,49.3
19598.64,3.44,161.3,555.0,-15.0,49.7
19600.65,3.44,161.4,555.0,-15.0,49.1
19602.65,3.44,161.4,555.0,-15.0,50.0
19604.66,3.44,161.3,555.0,-15.0,49.9
19606.67,3.44,161.4,555.0,-15.0,49.2
19608.68,3.44,161.3,555.0,-15.0,50.2
19610.69,3.44,161.3,555.0,-15.0,50.2
19612.7,3.44,161.3,555.0,-15.0,49.6
19614.7,3.44,161.4,555.0,-15.0,50.4
19616.72,3.44,161.3,555.0,-15.0,49.3
19618.73,3.44,161.4,555.0,-15.0,49.4
19620.73,3.44,161.3,555.0,-15.0,50.1
19622.74,3.44,161.3,555.0,-15.0,49.7
19624.75,3.44,161.4,555.0,-15.0,49.6
19626.76,3.44,161.3,555.0,-15.0,50.3
19628.77,3.44,161.3,555.0,-15.0,49.4
19630.78,3.44,161.3,555.0,-15.0,50.4
19632.79,3.44,161.3,555.0,-15.0,50.5
19634.8,3.44,161.4,555.0,-15.0,49.8
19636.81,3.44,161.4,555.0,-14.9,49.5
19638.81,3.44,161.3,555.0,-15.0,49.8
19640.83,3.44,161.3,555.0,-15.0,49.7
19642.83,3.44,161.3,555.0,-15.0,50.0
19644.84,3.44,161.4,555.0,-14.9,50.5
19646.85,3.44,161.3,555.0,-15.0,49.7
19648.86,3.44,161.3,555.0,-15.0,50.6
19650.87,3.44,161.3,555.0,-15.0,49.6
19652.88,3.44,161.3,555.0,-14.9,50.2
19654.89,3.44,161.3,555.0,-14.9,50.3
19656.89,3.44,161.3,555.0,-14.9,50.2
19658.9,3.44,161.3,555.0,-14.9,49.6
19660.91,3.44,161.3,555.0,-14.9,49.7
19662.92,3.44,161.3,555.0,-14.9,49.6
19664.93,3.44,161.2,554.0,-14.9,50.6
19666.94,3.44,161.3,555.0,-14.9,49.6
19668.95,3.44,161.2,555.0,-14.9,50.8
19670.96,3.44,161.3,555.0,-14.9,50.7
19672.97,3.44,161.3,555.0,-14.9,50.5
19674.98,3.44,161.3,555.0,-14.9,50.2
19676.98,3.44,161.2,554.0,-14.9,50.4
19678.99,3.44,161.3,555.0,-14.9,50.6
19681.0,3.44,161.2,554.0,-14.9,50.9
19683.01,3.44,161.2,555.0,-14.9,50.5
19685.02,3.44,161.2,555.0,-14.9,51.3
19687.03,3.44,161.2,554.0,-14.9,51.5
19689.03,3.44,161.3,555.0,-14.8,51.0
19691.05,3.44,161.2,554.0,-14.9,51.4
19693.05,3.44,161.2,555.0,-14.8,51.8
19695.06,3.44,161.1,554.0,-14.8,51.8
19697.07,3.44,161.2,554.0,-14.8,51.6
19699.08,3.44,161.2,554.0,-14.8,51.8
19701.09,3.44,161.2,554.0,-14.8,52.5
19703.1,3.44,161.2,555.0,-14.8,52.1
19705.11,3.44,161.2,554.0,-14.8,52.8
19707.12,3.44,161.2,554.0,-14.7,52.2
19709.12,3.44,161.2,555.0,-14.7,52.7
19711.13,3.44,161.1,555.0,-14.7,52.5
19713.14,3.44,161.3,554.0,-14.7,52.7
19715.15,3.44,161.2,554.0,-14.7,52.6
19717.16,3.44,161.2,554.0,-14.7,52.8
19719.17,3.44,161.2,555.0,-14.7,52.6
19721.18,3.44,161.2,555.0,-14.6,53.1
19723.19,3.44,161.2,554.0,-14.6,53.2
19725.2,3.44,161.2,555.0,-14.6,52.7
19727.2,3.44,161.2,554.0,-14.6,52.7
19729.22,3.44,161.2,555.0,-14.6,53.1
19731.22,3.44,161.2,555.0,-14.6,53.0
19733.23,3.44,161.3,555.0,-14.6,53.1
19735.24,3.44,161.3,555.0,-14.5,53.1
19737.25,3.44,161.2,554.0,-14.5,52.8
19739.26,3.44,161.2,554.0,-14.5,53.2
19741.26,3.44,161.2,554.0,-14.5,52.9
19743.27,3.44,161.2,555.0,-14.5,53.2
19745.28,3.44,161.3,555.0,-14.5,53.1
19747.29,3.44,161.2,555.0,-14.5,53.1
19749.3,3.44,161.2,554.0,-14.5,53.2
19751.31,3.44,161.2,554.0,-14.5,53.0
19753.32,3.44,161.2,554.0,-14.5,52.9
19755.33,3.44,161.3,554.0,-14.5,53.0
19757.34,3.44,161.2,554.0,-14.5,53.0
19759.34,3.44,161.2,554.0,-14.4,52.7
19761.35,3.44,161.3,555.0,-14.5,52.8
19763.36,3.44,161.3,555.0,-14.4,52.7
19765.37,3.44,161.2,554.0,-14.5,52.7
19767.38,3.44,161.2,554.0,-14.4,52.7
19769.39,3.44,161.2,555.0,-14.4,52.8
19771.4,3.44,161.2,554.0,-14.5,52.6
19773.41,3.44,161.2,554.0,-14.5,52.5
19775.42,3.44,161.2,555.0,-14.4,52.3
19777.43,3.44,161.2,555.0,-14.4,52.5
19779.44,3.44,161.2,554.0,-14.5,52.5
19781.44,3.44,161.2,555.0,-14.5,52.2
19783.45,3.44,161.2,554.0,-14.5,52.2
19785.46,3.44,161.2,554.0,-14.5,52.2
21585.42,3.39,155.1,526.0,-20.0,40.0
21587.43,3.39,155.1,526.0,-20.0,40.0
21589.44,3.39,155.0,526.0,-20.0,40.1
21591.45,3.39,155.0,526.0,-20.0,40.1
21593.46,3.39,155.1,526.0,-20.0,40.1
21595.47,3.39,155.1,526.0,-20.0,40.2
21597.48,3.39,155.1,526.0,-20.0,40.1
21599.49,3.39,155.1,526.0,-20.0,40.1
21601.5,3.39,155.1,526.0,-20.0,40.2
21603.5,3.39,155.1,526.0,-19.9,40.1
21605.51,3.39,155.1,526.0,-20.0,40.1
21607.52,3.39,155.1,526.0,-19.9,40.3
21609.53,3.39,155.2,526.0,-19.9,40.2
21611.54,3.39,155.1,526.0,-19.9,40.1
21613.55,3.39,155.2,526.0,-19.9,40.2
21615.56,3.39,155.1,526.0,-19.9,40.2
21617.57,3.39,155.1,526.0,-19.9,40.2
21619.58,3.39,155.1,526.0,-19.9,40.3
21621.58,3.39,155.1,526.0,-19.8,40.3
21623.59,3.39,155.1,526.0,-19.8,40.3
21625.6,3.39,155.2,526.0,-19.8,40.3
21627.61,3.39,155.1,526.0,-19.8,40.3
21629.62,3.39,155.1,526.0,-19.8,40.3
21631.63,3.39,155.1,526.0,-19.8,40.3
21633.64,3.39,155.1,526.0,-19.8,40.4
23383.4,3.4,156.5,532.0,-15.4,48.9
23385.41,3.4,156.5,532.0,-15.4,49.0
23387.41,3.4,156.5,532.0,-15.4,50.1
23389.42,3.4,156.5,532.0,-15.4,48.8
23391.43,3.4,156.5,532.0,-15.4,50.2
23393.44,3.4,156.6,532.0,-15.4,48.9
23395.45,3.4,156.5,532.0,-15.4,48.8
23397.46,3.4,156.5,532.0,-15.4,48.9
23399.47,3.4,156.5,532.0,-15.4,50.1
23401.48,3.4,156.5,532.0,-15.4,50.2
23403.49,3.4,156.5,532.0,-15.4,48.7
23405.5,3.4,156.5,532.0,-15.4,50.0
23407.5,3.4,156.5,532.0,-15.4,49.0
23409.51,3.4,156.5,532.0,-15.4,48.8
23411.52,3.4,156.6,532.0,-15.4,49.1
23413.53,3.4,156.5,532.0,-15.4,49.0
23415.54,3.4,156.5,532.0,-15.4,49.7
23417.55,3.4,156.5,532.0,-15.4,50.1
23419.56,3.4,156.5,532.0,-15.4,50.0
23421.57,3.4,156.5,532.0,-15.4,50.2
23423.58,3.4,156.5,532.0,-15.4,50.1
23425.58,3.4,156.5,532.0,-15.4,50.3
23427.59,3.4,156.6,532.0,-15.4,49.0
23429.6,3.4,156.5,532.0,-15.4,49.0
23431.61,3.4,156.5,532.0,-15.4,49.1
25131.14,3.36,152.2,513.0,-19.8,38.7
25133.15,3.36,152.2,511.0,-19.8,38.7
25135.16,3.36,152.2,513.0,-19.8,38.7
25137.17,3.36,152.2,513.0,-19.7,38.6
25139.18,3.36,152.2,513.0,-19.7,38.8
25141.18,3.36,152.2,513.0,-19.8,38.8
25143.19,3.36,152.2,513.0,-19.7,38.8
25145.2,3.36,152.2,513.0,-19.7,38.8
25147.21,3.36,152.2,513.0,-19.7,38.8
25149.22,3.36,152.2,513.0,-19.7,38.7
25151.23,3.36,152.1,511.0,-19.7,38.8
25153.24,3.36,152.2,511.0,-19.7,38.9
25155.25,3.36,152.2,511.0,-19.7,38.9
25157.26,3.36,152.2,511.0,-19.7,38.9
25159.27,3.36,152.2,513.0,-19.7,38.9
25161.28,3.36,152.2,513.0,-19.6,38.9
25163.28,3.36,152.2,513.0,-19.6,38.9
25165.3,3.36,152.1,511.0,-19.6,39.0
25167.3,3.36,152.2,513.0,-19.6,39.0
25169.31,3.36,152.2,513.0,-19.6,39.0
25171.32,3.36,152.1,513.0,-19.6,39.1
25173.33,3.36,152.2,513.0,-19.6,39.1
25175.34,3.36,152.2,513.0,-19.6,39.1
25177.35,3.36,152.2,513.0,-19.5,39.1
26826.65,3.37,153.3,516.0,-15.4,48.2
26828.66,3.37,153.3,518.0,-15.4,48.0
26830.67,3.37,153.3,518.0,-15.4,49.4
26832.68,3.37,153.3,516.0,-15.4,48.2
26834.68,3.37,153.3,516.0,-15.4,48.1
26836.7,3.37,153.3,518.0,-15.4,48.2
26838.7,3.37,153.3,518.0,-15.4,48.1
26840.71,3.37,153.3,518.0,-15.4,49.4
26842.72,3.37,153.3,518.0,-15.4,48.3
26844.73,3.37,153.3,516.0,-15.4,48.4
26846.74,3.37,153.3,518.0,-15.4,48.3
26848.75,3.37,153.3,518.0,-15.4,48.4
26850.76,3.37,153.3,518.0,-15.4,48.1
26852.76,3.37,153.3,518.0,-15.4,48.3
26854.77,3.37,153.2,518.0,-15.4,48.2
26856.78,3.37,153.4,518.0,-15.4,48.3
26858.79,3.37,153.3,518.0,-15.4,48.2
26860.8,3.37,153.3,518.0,-15.4,48.3
26862.81,3.37,153.3,518.0,-15.4,48.3
26864.82,3.37,153.4,516.0,-15.4,48.3
26866.83,3.37,153.4,516.0,-15.4,48.3
26868.84,3.37,153.3,518.0,-15.4,48.4
26870.84,3.37,153.3,518.0,-15.4,49.5
26872.85,3.37,153.3,518.0,-15.4,48.5
28471.93,3.34,149.4,500.0,-19.7,38.3
28473.94,3.34,149.4,498.0,-19.7,38.2
28475.95,3.34,149.4,498.0,-19.8,38.3
28477.96,3.34,149.4,498.0,-19.8,38.3
28479.97,3.34,149.3,498.0,-19.8,38.3
28481.98,3.34,149.4,498.0,-19.8,38.3
28483.99,3.34,149.4,498.0,-19.7,38.3
28485.99,3.34,149.4,498.0,-19.7,38.3
28488.0,3.34,149.3,498.0,-19.7,38.3
28490.01,3.34,149.4,498.0,-19.7,38.3
28492.02,3.34,149.4,500.0,-19.7,38.5
28494.03,3.34,149.3,498.0,-19.7,38.3
28496.04,3.34,149.3,498.0,-19.7,38.3
28498.05,3.34,149.4,498.0,-19.7,38.4
28500.06,3.34,149.4,498.0,-19.7,38.3
28502.07,3.34,149.4,498.0,-19.7,38.3
28504.07,3.34,149.3,498.0,-19.7,38.4
28506.08,3.34,149.3,498.0,-19.7,38.4
28508.09,3.34,149.3,498.0,-19.7,38.5
28510.1,3.34,149.3,498.0,-19.6,38.5
28512.11,3.34,149.4,498.0,-19.7,38.5
28514.12,3.34,149.4,498.0,-19.7,38.5
28516.13,3.34,149.3,498.0,-19.6,38.5
28518.14,3.34,149.4,498.0,-19.6,38.5
30066.99,3.34,150.4,503.0,-15.5,47.8
30069.0,3.35,150.5,505.0,-15.5,48.5
30071.01,3.34,150.4,503.0,-15.5,47.5
30073.02,3.34,150.5,503.0,-15.5,47.4
30075.02,3.35,150.4,503.0,-15.5,47.5
30077.03,3.35,150.4,503.0,-15.5,47.6
30079.05,3.34,150.5,505.0,-15.5,47.5
30081.05,3.34,150.5,505.0,-15.5,47.7
30083.06,3.34,150.6,505.0,-15.5,47.5
30085.07,3.35,150.4,503.0,-15.5,47.7
30087.08,3.35,150.4,503.0,-15.5,47.6
30089.09,3.34,150.4,505.0,-15.5,47.5
30091.1,3.35,150.5,505.0,-15.5,47.6
30093.11,3.35,150.5,503.0,-15.5,47.8
30095.12,3.34,150.5,503.0,-15.5,47.5
30097.12,3.34,150.4,503.0,-15.5,47.6
30099.14,3.35,150.4,503.0,-15.5,47.6
30101.15,3.35,150.4,503.0,-15.5,48.5
30103.15,3.35,150.5,505.0,-15.5,47.6
30105.16,3.34,150.5,505.0,-15.5,48.8
30107.17,3.34,150.5,505.0,-15.5,47.6
30109.18,3.35,150.5,503.0,-15.5,47.8
30111.19,3.34,150.4,505.0,-15.5,47.7
30113.2,3.34,150.4,503.0,-15.5,47.7
30115.21,3.34,150.5,503.0,-15.4,47.6
31611.84,3.32,147.4,490.0,-19.2,39.7
31613.85,3.32,147.4,490.0,-19.2,39.6
31615.86,3.32,147.3,488.0,-19.2,39.7
31617.87,3.32,147.3,488.0,-19.2,39.8
31619.88,3.32,147.4,488.0,-19.2,39.8
31621.89,3.32,147.3,488.0,-19.3,39.7
31623.9,3.32,147.3,490.0,-19.2,39.7
31625.91,3.32,147.3,488.0,-19.3,39.7
31627.91,3.32,147.3,488.0,-19.2,39.6
31629.92,3.32,147.3,488.0,-19.2,39.7
31631.93,3.32,147.2,488.0,-19.3,39.7
31633.94,3.32,147.3,488.0,-19.3,39.7
31635.95,3.32,147.2,488.0,-19.3,39.7
31637.96,3.32,147.3,488.0,-19.3,39.6
31639.97,3.32,147.2,488.0,-19.3,39.6
31641.98,3.32,147.2,490.0,-19.3,39.7
31643.99,3.32,147.2,488.0,-19.3,39.7
31645.99,3.32,147.2,488.0,-19.3,39.7
31648.0,3.32,147.3,488.0,-19.3,39.6
31650.01,3.32,147.2,488.0,-19.3,39.6
31652.02,3.32,147.2,488.0,-19.3,39.7
31654.03,3.32,147.2,488.0,-19.3,39.6
31656.04,3.32,147.2,488.0,-19.3,39.6
31658.05,3.32,147.2,488.0,-19.3,39.7
31660.06,3.32,147.2,488.0,-19.3,39.7
33108.47,3.28,142.9,469.0,-20.8,39.1
33110.48,3.28,142.8,469.0,-20.8,39.2
33112.48,3.28,142.8,469.0,-20.8,39.2
33114.5,3.28,142.9,469.0,-20.8,39.1
33116.5,3.28,142.8,469.0,-20.9,39.0
33118.51,3.28,142.8,469.0,-20.8,39.2
33120.52,3.28,142.8,469.0,-20.9,39.2
33122.53,3.28,142.8,469.0,-20.8,39.2
33124.54,3.28,142.9,469.0,-20.8,39.2
33126.55,3.28,142.9,469.0,-20.8,39.2
33128.56,3.28,142.8,469.0,-20.9,39.1
33130.57,3.28,142.8,469.0,-20.9,39.1
33132.57,3.28,142.8,469.0,-20.9,39.1
33134.58,3.28,142.8,469.0,-20.9,39.2
33136.59,3.28,142.8,469.0,-20.9,39.2
33138.6,3.28,142.8,469.0,-20.9,39.1
33140.61,3.28,142.8,469.0,-20.9,39.1
33142.62,3.28,142.8,469.0,-20.9,39.1
33144.63,3.28,142.7,469.0,-20.9,39.1
33146.64,3.28,142.7,469.0,-20.9,39.1
33148.64,3.28,142.7,469.0,-20.9,39.1
33150.66,3.28,142.8,469.0,-20.9,39.0
33152.66,3.28,142.8,469.0,-20.9,39.1
33154.67,3.28,142.7,469.0,-20.9,39.1
34550.85,3.28,142.3,467.0,-18.4,43.3
34552.87,3.28,142.4,467.0,-18.4,43.3
34554.87,3.28,142.4,467.0,-18.4,43.4
34556.88,3.28,142.4,467.0,-18.4,43.4
34558.89,3.28,142.5,467.0,-18.4,43.4
34560.9,3.28,142.4,467.0,-18.4,43.3
34562.91,3.28,142.4,467.0,-18.4,43.4
34564.92,3.28,142.4,467.0,-18.4,43.5
34566.93,3.28,142.5,467.0,-18.3,43.5
34568.94,3.28,142.4,467.0,-18.4,43.4
34570.95,3.28,142.4,467.0,-18.3,43.4
34572.96,3.28,142.5,467.0,-18.3,43.5
34574.97,3.28,142.4,467.0,-18.3,43.5
34576.98,3.28,142.5,467.0,-18.3,43.3
34578.98,3.28,142.5,467.0,-18.3,43.5
34580.99,3.28,142.5,467.0,-18.3,43.4
34583.0,3.28,142.5,467.0,-18.3,43.4
34585.01,3.28,142.5,467.0,-18.3,43.5
34587.02,3.28,142.5,467.0,-18.3,43.5
34589.03,3.28,142.5,467.0,-18.3,43.5
34591.04,3.28,142.4,467.0,-18.3,43.6
34593.05,3.28,142.5,467.0,-18.3,43.5
34595.05,3.28,142.5,467.0,-18.3,43.5
34597.06,3.28,142.6,467.0,-18.3,43.5
34599.07,3.28,142.6,467.0,-18.3,43.5
35945.05,3.29,144.1,474.0,-16.4,49.7
35947.06,3.29,144.1,474.0,-16.3,49.3
35949.07,3.29,144.1,474.0,-16.4,49.7
35951.08,3.29,144.1,474.0,-16.3,49.5
35953.09,3.29,144.0,474.0,-16.3,49.5
35955.1,3.29,144.1,474.0,-16.3,49.6
35957.1,3.29,144.1,474.0,-16.3,49.8
35959.12,3.29,144.0,474.0,-16.3,49.7
35961.12,3.29,144.0,474.0,-16.3,49.6
35963.14,3.29,144.1,475.0,-16.3,49.9
35965.14,3.29,144.1,474.0,-16.3,49.8
35967.15,3.29,144.0,474.0,-16.3,49.7
35969.16,3.29,144.1,475.0,-16.3,49.8
35971.17,3.29,144.1,474.0,-16.3,49.6
35973.17,3.29,144.0,474.0,-16.3,49.7
35975.18,3.29,144.1,474.0,-16.3,49.8
35977.19,3.29,144.1,474.0,-16.3,49.8
35979.2,3.29,144.0,474.0,-16.3,49.7
35981.21,3.29,144.0,475.0,-16.3,49.9
35983.22,3.29,144.1,474.0,-16.3,49.7
35985.23,3.29,144.1,475.0,-16.3,49.6
35987.24,3.29,144.1,474.0,-16.3,49.6
35989.25,3.29,144.1,474.0,-16.3,49.8
35991.26,3.29,144.1,474.0,-16.3,49.7
35993.27,3.29,144.1,474.0,-16.3,49.8
37289.02,3.27,141.7,464.0,-19.1,39.3
37291.03,3.27,141.6,464.0,-19.2,39.3
37293.04,3.27,141.7,464.0,-19.2,39.3
37295.05,3.27,141.7,464.0,-19.2,39.3
37297.06,3.27,141.6,464.0,-19.2,39.3
37299.07,3.27,141.7,462.0,-19.2,39.3
37301.07,3.27,141.7,464.0,-19.2,39.3
37303.09,3.27,141.5,462.0,-19.2,39.3
37305.1,3.27,141.6,462.0,-19.2,39.3
37307.1,3.27,141.6,462.0,-19.2,39.3
37309.11,3.27,141.6,464.0,-19.2,39.3
37311.12,3.27,141.6,464.0,-19.2,39.2
37313.13,3.27,141.6,462.0,-19.2,39.3
37315.14,3.27,141.6,462.0,-19.2,39.3
37317.15,3.27,141.5,462.0,-19.3,39.3
37319.16,3.27,141.4,462.0,-19.2,39.2
37321.17,3.27,141.6,462.0,-19.2,39.3
37323.17,3.27,141.5,462.0,-19.2,39.2
37325.18,3.27,141.5,462.0,-19.3,39.3
37327.19,3.27,141.5,462.0,-19.3,39.2
37329.2,3.27,141.5,462.0,-19.3,39.2
37331.21,3.27,141.5,462.0,-19.3,39.3
37333.22,3.27,141.5,462.0,-19.3,39.2
37335.23,3.27,141.4,462.0,-19.3,39.2
38582.75,3.26,140.6,459.0,-15.9,62.7
38584.76,3.26,140.6,459.0,-15.8,63.3
38586.77,3.26,140.6,459.0,-15.8,63.6
38588.78,3.26,140.6,459.0,-15.8,64.0
38590.79,3.26,140.6,459.0,-15.8,63.1
38592.8,3.26,140.7,459.0,-15.8,63.0
38594.81,3.26,140.7,459.0,-15.8,63.5
38596.82,3.26,140.6,459.0,-15.8,63.3
38598.82,3.26,140.6,459.0,-15.8,63.4
38600.83,3.26,140.6,459.0,-15.8,63.4
38602.84,3.26,140.7,459.0,-15.8,63.4
38604.85,3.26,140.6,459.0,-15.8,63.6
38606.86,3.26,140.6,459.0,-15.8,63.8
38608.87,3.26,140.6,459.0,-15.8,63.7
38610.88,3.26,140.6,459.0,-15.7,63.8
38612.89,3.26,140.7,459.0,-15.7,64.7
38614.89,3.26,140.7,459.0,-15.7,64.1
38616.9,3.26,140.6,459.0,-15.7,64.8
38618.91,3.26,140.7,459.0,-15.7,63.9
38620.92,3.26,140.7,459.0,-15.7,63.9
38622.94,3.26,140.7,459.0,-15.7,65.0
38624.94,3.26,140.7,459.0,-15.7,64.6
38626.95,3.26,140.7,459.0,-15.7,64.6
38628.96,3.26,140.6,459.0,-15.7,65.2
39824.26,3.28,142.7,469.0,-10.7,85.3
39826.27,3.28,142.6,467.0,-10.7,85.5
39828.28,3.28,142.7,467.0,-10.7,85.4
39830.29,3.28,142.7,467.0,-10.8,85.2
39832.3,3.28,142.7,467.0,-10.8,85.2
39834.31,3.28,142.7,467.0,-10.8,85.3
39836.32,3.28,142.7,467.0,-10.9,85.2
39838.32,3.28,142.7,467.0,-10.9,85.1
39840.33,3.28,142.7,467.0,-10.9,85.0
39842.34,3.28,142.7,469.0,-11.0,84.9
39844.35,3.28,142.7,469.0,-11.0,84.9
39846.36,3.28,142.7,469.0,-11.0,84.7
39848.37,3.28,142.7,469.0,-11.0,84.7
39850.38,3.28,142.7,469.0,-11.1,84.6
39852.39,3.28,142.7,469.0,-11.1,84.3
39854.4,3.28,142.7,469.0,-11.2,84.3
39856.41,3.28,142.7,469.0,-11.2,84.1
39858.41,3.28,142.7,467.0,-11.2,84.0
39860.42,3.28,142.7,467.0,-11.2,83.8
39862.43,3.28,142.6,467.0,-11.3,83.7
39864.44,3.28,142.7,469.0,-11.3,83.5
39866.45,3.28,142.6,467.0,-11.3,83.4
39868.46,3.28,142.7,467.0,-11.4,83.2
39870.47,3.28,142.6,467.0,-11.4,83.0
39872.48,3.28,142.7,467.0,-11.4,82.9
41017.55,3.23,136.8,442.0,-18.6,57.7
41019.55,3.23,136.8,442.0,-18.6,57.7
41021.56,3.23,136.7,441.0,-18.6,57.6
41023.57,3.23,136.7,441.0,-18.6,57.6
41025.58,3.23,136.7,441.0,-18.6,57.7
41027.59,3.23,136.7,441.0,-18.6,57.6
41029.6,3.23,136.7,441.0,-18.6,57.6
41031.61,3.23,136.6,441.0,-18.6,57.6
41033.62,3.23,136.6,441.0,-18.6,57.6
41035.62,3.23,136.6,441.0,-18.6,57.6
41037.63,3.23,136.6,441.0,-18.6,57.6
41039.64,3.23,136.6,441.0,-18.6,57.5
41041.65,3.23,136.6,441.0,-18.6,57.5
41043.66,3.23,136.6,441.0,-18.6,57.5
41045.67,3.22,136.6,441.0,-18.7,57.6
41047.68,3.23,136.5,441.0,-18.7,57.5
41049.69,3.22,136.5,441.0,-18.7,57.6
41051.69,3.23,136.6,441.0,-18.7,57.5
41053.7,3.22,136.5,441.0,-18.7,57.4
41055.71,3.22,136.5,441.0,-18.7,57.5
41057.72,3.22,136.5,441.0,-18.7,57.5
41059.73,3.23,136.5,441.0,-18.7,57.5
41061.74,3.23,136.4,441.0,-18.7,57.4
41063.75,3.22,136.4,441.0,-18.7,57.4
41065.76,3.22,136.4,439.0,-18.7,57.5
42160.61,3.2,132.8,424.0,-17.0,61.1
42162.62,3.2,132.8,424.0,-17.0,61.1
42164.62,3.19,132.7,424.0,-17.0,61.1
42166.63,3.2,132.8,424.0,-17.0,61.1
42168.64,3.2,132.8,424.0,-17.0,61.1
42170.65,3.2,132.9,424.0,-17.0,61.1
42172.66,3.2,132.8,424.0,-17.0,61.1
42174.67,3.2,132.8,424.0,-17.0,61.0
42176.67,3.19,132.8,424.0,-17.0,61.0
42178.68,3.19,132.8,424.0,-17.0,61.2
42180.69,3.19,132.8,424.0,-17.0,61.1
42182.7,3.2,132.8,424.0,-17.0,61.1
42184.71,3.2,132.8,424.0,-16.9,61.1
42186.72,3.19,132.8,424.0,-17.0,61.1
42188.73,3.2,132.8,424.0,-16.9,61.1
42190.73,3.2,132.8,424.0,-16.9,61.0
42192.75,3.19,132.9,424.0,-16.9,61.2
42194.76,3.2,132.8,424.0,-16.9,61.0
42196.76,3.19,132.8,424.0,-16.9,61.1
42198.77,3.2,132.8,424.0,-16.9,61.1
42200.78,3.2,132.9,424.0,-16.9,61.1
42202.79,3.2,132.9,424.0,-16.9,61.1
42204.8,3.2,132.8,424.0,-16.9,61.2
42206.81,3.19,132.8,424.0,-16.9,61.0
43251.44,3.19,132.7,424.0,-15.3,61.2
43253.45,3.19,132.7,424.0,-15.3,61.8
43255.46,3.19,132.7,424.0,-15.3,60.5
43257.46,3.2,132.7,424.0,-15.3,61.7
43259.48,3.19,132.7,423.0,-15.3,61.4
43261.48,3.19,132.7,424.0,-15.3,60.8
43263.5,3.19,132.7,424.0,-15.3,61.5
43265.5,3.19,132.7,423.0,-15.2,61.7
43267.51,3.19,132.7,424.0,-15.3,60.6
43269.52,3.19,132.6,423.0,-15.3,60.9
43271.53,3.19,132.6,423.0,-15.3,61.8
43273.53,3.19,132.6,423.0,-15.3,61.8
43275.55,3.2,132.7,424.0,-15.3,60.6
43277.55,3.19,132.7,424.0,-15.3,60.5
43279.56,3.19,132.7,424.0,-15.3,61.8
43281.57,3.19,132.7,423.0,-15.3,60.5
43283.58,3.19,132.7,424.0,-15.3,61.8
43285.59,3.19,132.7,424.0,-15.3,60.6
43287.6,3.19,132.6,423.0,-15.3,60.5
43289.61,3.19,132.7,424.0,-15.3,61.5
43291.62,3.19,132.7,424.0,-15.3,60.5
43293.63,3.2,132.6,423.0,-15.3,60.8
43295.64,3.19,132.7,424.0,-15.2,61.8
43297.64,3.19,132.6,424.0,-15.3,61.7
43299.65,3.19,132.7,424.0,-15.2,60.5
44292.05,3.14,125.8,395.0,-18.7,51.0
44294.06,3.14,125.8,393.0,-18.7,50.9
44296.07,3.14,125.7,395.0,-18.7,51.0
44298.07,3.14,125.7,395.0,-18.7,51.0
44300.09,3.14,125.7,395.0,-18.7,51.0
44302.1,3.14,125.7,393.0,-18.7,51.0
44304.1,3.14,125.6,393.0,-18.8,51.0
44306.11,3.14,125.6,393.0,-18.8,51.1
44308.12,3.14,125.5,393.0,-18.8,51.0
44310.13,3.13,125.6,393.0,-18.8,51.0
44312.14,3.13,125.5,393.0,-18.8,51.0
44314.15,3.13,125.5,393.0,-18.8,51.0
44316.16,3.13,125.5,393.0,-18.8,51.0
44318.17,3.13,125.4,393.0,-18.8,51.0
44320.17,3.13,125.4,393.0,-18.8,51.0
44322.18,3.13,125.4,393.0,-18.8,51.0
44324.19,3.13,125.3,393.0,-18.8,51.0
44326.2,3.13,125.3,393.0,-18.8,50.9
44328.21,3.13,125.4,393.0,-18.8,51.0
44330.22,3.13,125.3,393.0,-18.8,51.0
44332.23,3.13,125.3,393.0,-18.8,51.0
44334.24,3.13,125.2,392.0,-18.8,51.0
44336.25,3.13,125.2,392.0,-18.8,51.0
44338.26,3.13,125.2,392.0,-18.8,51.0
44340.26,3.13,125.1,392.0,-18.8,51.0
45308.55,3.05,115.4,352.0,-17.7,52.4
45310.57,3.05,115.4,352.0,-17.7,52.3
45312.57,3.05,115.4,352.0,-17.7,52.4
45314.58,3.05,115.4,352.0,-17.7,52.3
45316.59,3.06,115.3,352.0,-17.7,52.4
45318.6,3.05,115.3,352.0,-17.7,52.4
45320.61,3.05,115.3,352.0,-17.7,52.4
45322.62,3.05,115.3,352.0,-17.7,52.5
45324.62,3.05,115.3,352.0,-17.7,52.3
45326.64,3.05,115.3,352.0,-17.7,52.3
45328.64,3.05,115.3,352.0,-17.7,52.4
45330.66,3.05,115.3,352.0,-17.7,52.4
45332.66,3.05,115.3,352.0,-17.7,52.4
45334.67,3.05,115.3,352.0,-17.7,52.4
45336.68,3.05,115.4,352.0,-17.6,52.4
45338.69,3.05,115.3,352.0,-17.7,52.5
45340.69,3.05,115.3,352.0,-17.7,52.4
45342.71,3.05,115.3,352.0,-17.6,52.5
45344.71,3.05,115.3,352.0,-17.6,52.5
45346.72,3.05,115.2,352.0,-17.6,52.5
45348.73,3.05,115.2,352.0,-17.6,52.5
45350.74,3.05,115.3,352.0,-17.6,52.5
45352.75,3.05,115.3,352.0,-17.6,52.5
45354.76,3.05,115.3,352.0,-17.6,52.5
46339.11,3.03,113.0,342.0,-15.6,55.5
46341.12,3.03,113.0,342.0,-15.6,54.7
46343.13,3.03,113.0,342.0,-15.6,55.6
46345.14,3.03,112.9,342.0,-15.6,54.4
46347.15,3.04,113.0,342.0,-15.6,54.9
46349.16,3.03,112.9,342.0,-15.6,54.9
46351.17,3.04,112.9,342.0,-15.6,54.6
46353.17,3.04,112.9,342.0,-15.6,55.5
46355.18,3.03,112.9,342.0,-15.6,54.4
46357.19,3.04,112.9,342.0,-15.6,54.6
46359.2,3.03,112.9,342.0,-15.6,54.4
46361.21,3.03,112.9,342.0,-15.6,54.6
46363.22,3.04,112.9,342.0,-15.6,54.9
46365.23,3.03,112.9,342.0,-15.6,55.6
46367.24,3.03,112.9,342.0,-15.6,54.7
46369.25,3.03,112.9,342.0,-15.6,54.5
46371.26,3.03,112.9,342.0,-15.6,54.6
46373.26,3.03,112.9,342.0,-15.6,54.6
46375.27,3.03,112.9,342.0,-15.6,54.7
46377.28,3.03,112.8,342.0,-15.5,54.8
46379.29,3.03,112.8,342.0,-15.6,54.5
46381.3,3.03,112.8,342.0,-15.6,55.5
46383.31,3.03,112.8,342.0,-15.6,54.9
46385.32,3.03,112.9,342.0,-15.6,54.5
47377.73,2.98,105.2,313.0,-17.2,49.1
47379.73,2.98,105.2,313.0,-17.2,49.0
47381.74,2.98,105.2,313.0,-17.2,49.1
47383.75,2.98,105.2,313.0,-17.2,48.9
47385.76,2.98,105.1,313.0,-17.2,49.0
47387.77,2.98,105.1,313.0,-17.3,49.0
47389.78,2.97,105.0,313.0,-17.3,48.9
47391.79,2.98,105.0,313.0,-17.3,48.9
47393.8,2.98,104.9,313.0,-17.3,48.9
47395.81,2.97,104.8,313.0,-17.3,48.8
47397.82,2.97,104.9,311.0,-17.3,48.8
47399.83,2.97,104.8,311.0,-17.3,48.7
47401.83,2.97,104.8,311.0,-17.4,48.8
47403.84,2.97,104.7,311.0,-17.3,48.8
47405.85,2.97,104.7,311.0,-17.4,48.7
47407.86,2.97,104.6,311.0,-17.4,48.7
47409.87,2.97,104.6,311.0,-17.4,48.6
47411.88,2.97,104.6,311.0,-17.4,48.7
47413.89,2.97,104.5,311.0,-17.4,48.6
47415.89,2.97,104.5,311.0,-17.4,48.5
47417.91,2.97,104.4,310.0,-17.4,48.5
47419.91,2.97,104.3,310.0,-17.4,48.5
47421.92,2.97,104.3,310.0,-17.5,48.5
47423.94,2.97,104.3,310.0,-17.5,48.5
48470.57,2.81,81.0,228.0,-18.4,48.1
48472.57,2.81,81.0,228.0,-18.5,48.1
48474.58,2.81,81.0,228.0,-18.4,48.2
48476.59,2.81,81.0,228.0,-18.4,48.2
48478.6,2.81,81.0,228.0,-18.4,48.1
48480.61,2.81,80.9,228.0,-18.4,48.2
48482.62,2.81,81.0,228.0,-18.4,48.3
48484.63,2.81,80.9,228.0,-18.4,48.3
48486.64,2.81,80.9,228.0,-18.4,48.3
48488.65,2.81,81.0,228.0,-18.4,48.3
48490.66,2.81,80.9,228.0,-18.3,48.2
48492.66,2.81,80.9,228.0,-18.3,48.3
48494.67,2.81,80.9,228.0,-18.3,48.3
48496.68,2.81,80.8,226.0,-18.3,48.3
48498.69,2.81,80.8,226.0,-18.3,48.3
48500.7,2.81,80.8,228.0,-18.3,48.4
48502.71,2.81,80.8,226.0,-18.3,48.4
48504.72,2.81,80.8,228.0,-18.3,48.4
48506.73,2.81,80.7,226.0,-18.3,48.4
48508.73,2.81,80.8,226.0,-18.3,48.4
48510.74,2.81,80.8,226.0,-18.2,48.5
48512.75,2.81,80.8,226.0,-18.2,48.5
48514.76,2.81,80.7,226.0,-18.2,48.5
48516.77,2.81,80.7,226.0,-18.2,48.5
49535.27,2.79,77.5,216.0,-15.7,51.6
49537.28,2.79,77.5,216.0,-15.7,51.8
49539.29,2.79,77.5,216.0,-15.7,51.8
49541.3,2.79,77.5,216.0,-15.7,51.8
49543.31,2.79,77.5,216.0,-15.7,51.7
49545.32,2.79,77.5,216.0,-15.7,52.9
49547.32,2.79,77.5,216.0,-15.7,52.0
49549.33,2.79,77.4,216.0,-15.7,51.7
49551.34,2.79,77.5,216.0,-15.7,51.8
49553.35,2.79,77.5,216.0,-15.7,52.3
49555.36,2.79,77.4,216.0,-15.7,51.7
49557.37,2.79,77.4,216.0,-15.7,51.8
49559.37,2.79,77.4,216.0,-15.7,51.8
49561.39,2.79,77.5,216.0,-15.7,51.8
49563.39,2.79,77.5,216.0,-15.7,51.8
49565.4,2.79,77.4,216.0,-15.7,51.7
49567.41,2.79,77.4,216.0,-15.7,51.9
49569.42,2.79,77.5,216.0,-15.7,51.7
49571.43,2.78,77.4,216.0,-15.7,51.7
49573.44,2.79,77.5,216.0,-15.7,51.9
49575.45,2.79,77.4,216.0,-15.7,52.2
49577.46,2.79,77.5,216.0,-15.7,51.8
49579.46,2.79,77.4,216.0,-15.7,52.6
49581.48,2.78,77.4,216.0,-15.7,51.8
50531.67,2.76,73.8,205.0,-15.5,51.2
50533.68,2.76,73.9,205.0,-15.5,51.8
50535.69,2.76,73.9,205.0,-15.5,51.9
50537.7,2.76,73.8,205.0,-15.6,51.5
50539.71,2.76,73.8,203.0,-15.6,51.4
50541.72,2.76,73.7,203.0,-15.6,50.7
50543.73,2.76,73.7,203.0,-15.6,50.7
50545.73,2.76,73.7,203.0,-15.7,50.7
50547.74,2.76,73.5,203.0,-15.7,50.7
50549.75,2.76,73.6,203.0,-15.7,50.9
50551.76,2.76,73.5,203.0,-15.7,51.3
50553.77,2.76,73.5,203.0,-15.7,50.6
50555.78,2.76,73.5,203.0,-15.8,50.6
50557.79,2.76,73.4,203.0,-15.8,50.7
50559.8,2.76,73.3,202.0,-15.8,50.2
50561.8,2.76,73.4,202.0,-15.8,50.4
50563.82,2.76,73.4,203.0,-15.8,50.7
50565.82,2.76,73.3,202.0,-15.9,50.0
50567.83,2.76,73.3,202.0,-15.9,50.1
50569.84,2.76,73.2,202.0,-15.9,49.8
50571.85,2.76,73.2,202.0,-15.9,49.8
50573.85,2.76,73.2,202.0,-15.9,49.9
50575.86,2.76,73.1,202.0,-16.0,50.1
50577.87,2.76,73.1,202.0,-15.9,49.9
50579.88,2.76,73.0,202.0,-16.0,49.9
51624.48,2.62,51.7,136.0,-19.3,44.0
51626.49,2.62,51.7,136.0,-19.3,44.1
51628.5,2.62,51.7,136.0,-19.3,44.0
51630.51,2.62,51.7,136.0,-19.2,44.0
51632.51,2.62,51.7,136.0,-19.2,44.1
51634.53,2.62,51.7,136.0,-19.2,44.1
51636.53,2.62,51.6,136.0,-19.2,44.1
51638.54,2.62,51.6,134.0,-19.2,44.1
51640.55,2.62,51.6,134.0,-19.2,44.1
51642.56,2.62,51.6,136.0,-19.2,44.2
51644.57,2.62,51.6,134.0,-19.2,44.2
51646.57,2.62,51.6,134.0,-19.1,44.3
51648.59,2.62,51.7,136.0,-19.1,44.3
51650.6,2.62,51.6,134.0,-19.2,44.3
51652.6,2.62,51.6,134.0,-19.1,44.2
51654.62,2.62,51.5,134.0,-19.1,44.3
51656.62,2.62,51.5,134.0,-19.1,44.3
51658.63,2.62,51.6,134.0,-19.1,44.4
51660.64,2.62,51.5,134.0,-19.1,44.3
51662.65,2.62,51.6,134.0,-19.1,44.4
51664.66,2.62,51.5,134.0,-19.1,44.3
51666.67,2.62,51.5,134.0,-19.0,44.4
51668.67,2.62,51.5,134.0,-19.0,44.4
51670.68,2.62,51.5,134.0,-19.0,44.5
51672.69,2.62,51.5,134.0,-19.0,44.5
52737.38,2.62,51.7,136.0,-16.0,49.6
52739.39,2.62,51.7,136.0,-16.0,50.4
52741.4,2.62,51.7,136.0,-15.9,50.1
52743.41,2.62,51.7,136.0,-15.9,50.4
52745.42,2.62,51.7,136.0,-16.0,49.8
52747.43,2.62,51.7,136.0,-15.9,49.9
52749.44,2.62,51.8,136.0,-16.0,49.8
52751.45,2.62,51.7,136.0,-15.9,50.0
52753.46,2.62,51.7,136.0,-15.9,49.7
52755.46,2.62,51.7,136.0,-15.9,49.7
52757.47,2.62,51.7,136.0,-15.9,49.9
52759.48,2.62,51.8,136.0,-15.9,50.0
52761.49,2.62,51.7,136.0,-15.9,49.8
52763.5,2.62,51.7,136.0,-15.9,50.4
52765.51,2.62,51.7,136.0,-15.9,50.4
52767.52,2.62,51.8,136.0,-15.9,49.8
52769.53,2.62,51.7,136.0,-15.9,49.9
52771.53,2.62,51.7,136.0,-15.9,50.4
52773.54,2.62,51.7,136.0,-15.9,50.5
52775.55,2.62,51.8,136.0,-15.9,50.3
52777.56,2.62,51.8,136.0,-15.9,50.5
52779.57,2.62,51.7,136.0,-15.9,50.6
52781.58,2.62,51.8,136.0,-15.9,50.0
52783.59,2.62,51.7,136.0,-15.9,50.0
17.0,2.62,51.6,136.0,-15.3,50.1
53826.18,2.62,51.6,134.0,-15.4,51.3
53828.19,2.62,51.5,134.0,-15.4,49.9
53830.2,2.62,51.5,134.0,-15.4,49.8
53832.21,2.62,51.5,134.0,-15.4,50.6
53834.21,2.62,51.5,134.0,-15.5,50.9
53836.22,2.62,51.5,134.0,-15.5,49.4
53838.23,2.62,51.5,134.0,-15.5,50.5
53840.24,2.62,51.4,134.0,-15.5,49.4
53842.25,2.62,51.4,134.0,-15.5,50.4
53844.26,2.62,51.4,134.0,-15.6,50.3
53846.27,2.62,51.3,134.0,-15.6,49.2
53848.28,2.62,51.3,134.0,-15.6,49.2
53850.29,2.62,51.3,134.0,-15.6,49.4
53852.3,2.62,51.3,134.0,-15.7,49.1
53854.3,2.62,51.3,134.0,-15.7,48.9
53856.32,2.62,51.2,134.0,-15.7,49.0
53858.32,2.62,51.2,134.0,-15.7,49.0
53860.33,2.62,51.2,134.0,-15.7,48.8
53862.34,2.62,51.1,134.0,-15.8,48.9
53864.35,2.62,51.1,134.0,-15.8,48.9
53866.36,2.62,51.1,133.0,-15.8,48.6
53868.37,2.61,51.0,133.0,-15.8,48.8
53870.37,2.61,51.0,133.0,-15.8,48.4
53872.38,2.62,51.0,133.0,-15.9,48.4
54892.87,2.5,36.4,92.0,-19.3,42.4
54894.88,2.5,36.5,92.0,-19.4,42.3
54896.89,2.5,36.5,92.0,-19.3,42.4
54898.89,2.5,36.4,92.0,-19.3,42.5
54900.9,2.5,36.4,92.0,-19.3,42.4
54902.91,2.5,36.4,92.0,-19.3,42.5
54904.92,2.5,36.5,92.0,-19.3,42.5
54906.93,2.5,36.5,92.0,-19.3,42.5
54908.94,2.5,36.4,92.0,-19.3,42.5
54910.95,2.5,36.4,92.0,-19.2,42.6
54912.96,2.5,36.4,92.0,-19.2,42.5
54914.96,2.5,36.4,92.0,-19.2,42.6
54916.98,2.5,36.4,92.0,-19.2,42.6
54918.98,2.5,36.5,92.0,-19.2,42.6
54920.99,2.5,36.4,92.0,-19.2,42.6
54923.0,2.5,36.4,92.0,-19.2,42.6
54925.01,2.5,36.4,92.0,-19.2,42.7
54927.01,2.5,36.3,92.0,-19.1,42.8
54929.03,2.5,36.4,92.0,-19.1,42.7
54931.03,2.5,36.4,92.0,-19.1,42.7
54933.04,2.5,36.4,92.0,-19.1,42.8
54935.05,2.5,36.4,92.0,-19.1,42.8
54937.06,2.5,36.4,92.0,-19.1,42.8
54939.07,2.5,36.4,90.0,-19.1,42.8
55843.03,2.52,37.7,95.0,-16.2,47.9
55845.04,2.51,37.7,95.0,-16.2,48.3
55847.05,2.52,37.7,95.0,-16.2,48.1
55849.05,2.52,37.6,95.0,-16.2,48.2
55851.06,2.52,37.8,95.0,-16.2,48.1
55853.07,2.52,37.8,95.0,-16.2,48.2
55855.08,2.52,37.8,95.0,-16.2,48.4
55857.09,2.52,37.8,95.0,-16.2,48.1
55859.1,2.52,37.7,95.0,-16.2,48.3
55861.11,2.52,37.8,95.0,-16.2,48.3
55863.12,2.52,37.8,95.0,-16.2,48.3
55865.13,2.51,37.8,95.0,-16.2,48.4
55867.14,2.52,37.8,95.0,-16.2,48.3
55869.14,2.52,37.8,95.0,-16.2,48.4
55871.15,2.52,37.8,95.0,-16.2,48.5
55873.16,2.52,37.8,95.0,-16.2,48.2
55875.17,2.52,37.8,95.0,-16.2,48.4
55877.18,2.52,37.8,95.0,-16.2,48.4
55879.19,2.52,37.8,95.0,-16.2,48.4
55881.19,2.51,37.8,95.0,-16.1,48.5
55883.21,2.51,37.8,95.0,-16.2,48.4
55885.21,2.52,37.8,95.0,-16.1,48.5
55887.22,2.52,37.8,95.0,-16.2,48.2
55889.23,2.52,37.8,95.0,-16.1,48.7
56274.92,2.52,38.7,98.0,-15.6,49.5
56276.93,2.52,38.8,98.0,-15.6,49.6
56278.94,2.52,38.8,98.0,-15.6,49.5
56280.94,2.52,38.8,98.0,-15.6,49.4
56282.96,2.52,38.8,98.0,-15.6,49.6
56284.96,2.52,38.8,98.0,-15.6,49.5
56286.97,2.52,38.8,98.0,-15.6,49.5
56288.98,2.52,38.8,98.0,-15.6,49.8
56290.99,2.52,38.8,98.0,-15.6,49.6
56293.0,2.52,38.7,98.0,-15.6,50.7
56295.01,2.52,38.8,98.0,-15.6,50.5
56297.01,2.52,38.8,98.0,-15.6,49.5
56299.02,2.52,38.8,98.0,-15.6,49.6
56301.03,2.52,38.8,98.0,-15.6,49.6
56303.04,2.52,38.8,98.0,-15.6,49.5
56305.05,2.52,38.8,98.0,-15.6,49.6
56307.06,2.52,38.8,98.0,-15.6,50.8
56309.07,2.52,38.9,98.0,-15.6,49.7
56311.07,2.52,38.8,98.0,-15.6,49.6
56313.08,2.52,38.8,98.0,-15.6,50.8
56315.1,2.52,38.8,98.0,-15.6,50.9
56317.1,2.52,38.9,98.0,-15.6,49.6
56319.11,2.52,38.8,98.0,-15.5,49.8
56321.12,2.52,38.8,98.0,-15.5,49.7
56323.13,2.52,38.8,98.0,-15.6,49.5
56325.14,2.52,38.9,98.0,-15.5,49.6
56327.15,2.52,38.8,98.0,-15.6,49.9
56329.16,2.52,38.8,98.0,-15.5,50.9
56331.17,2.52,38.9,98.0,-15.6,51.0
56333.17,2.52,38.9,98.0,-15.5,49.6
56335.18,2.52,38.9,98.0,-15.5,50.7
56337.19,2.52,38.9,98.0,-15.5,49.9
56339.2,2.52,38.8,98.0,-15.5,50.7
56341.21,2.52,38.9,98.0,-15.5,49.7
56343.22,2.52,38.9,98.0,-15.5,49.6
56345.23,2.52,38.9,98.0,-15.5,49.8
56347.23,2.52,38.9,98.0,-15.5,49.9
56349.24,2.52,38.9,98.0,-15.5,50.0
56351.25,2.52,38.9,98.0,-15.5,49.7
56353.26,2.52,38.9,98.0,-15.5,49.9
56355.27,2.52,38.9,98.0,-15.5,50.2
56357.28,2.52,38.9,98.0,-15.5,49.9
56359.29,2.52,38.9,98.0,-15.5,51.2
56361.3,2.52,38.9,98.0,-15.5,49.9
56363.3,2.52,38.9,98.0,-15.5,50.9
56365.31,2.52,39.0,98.0,-15.5,50.4
56367.32,2.52,39.0,98.0,-15.5,50.5
56369.33,2.52,38.9,98.0,-15.5,49.9
56371.34,2.52,38.9,98.0,-15.5,49.8
56373.35,2.52,38.9,98.0,-15.5,49.9
56375.36,2.52,39.0,98.0,-15.5,49.9
56377.37,2.52,38.9,98.0,-15.5,49.9
56379.37,2.52,39.0,98.0,-15.5,49.8
56381.38,2.52,39.0,98.0,-15.5,51.1
56383.39,2.52,39.0,98.0,-15.5,50.0
56385.4,2.52,39.0,98.0,-15.5,49.9
56387.41,2.52,38.9,98.0,-15.5,49.9
56389.42,2.52,38.9,98.0,-15.5,50.0
56391.43,2.52,39.1,98.0,-15.5,51.2
56393.44,2.52,39.0,98.0,-15.5,50.0
56395.45,2.52,39.0,98.0,-15.5,49.9
56397.46,2.52,39.0,98.0,-15.5,49.9
56399.46,2.52,39.0,98.0,-15.5,50.1
56401.47,2.52,39.0,98.0,-15.5,50.0
56403.48,2.52,39.0,98.0,-15.5,50.0
56405.49,2.52,39.0,98.0,-15.5,50.0
56407.5,2.52,39.0,98.0,-15.5,50.6
56409.51,2.53,39.0,98.0,-15.5,50.1
56411.51,2.52,39.0,98.0,-15.5,50.1
56413.52,2.52,39.0,98.0,-15.4,50.0
56415.53,2.52,39.0,98.0,-15.5,50.0
56417.54,2.52,39.0,98.0,-15.5,51.1
56419.55,2.53,39.1,98.0,-15.5,51.3
56421.56,2.53,39.0,98.0,-15.4,50.1
56423.57,2.52,39.0,98.0,-15.4,51.1
56425.57,2.52,39.0,98.0,-15.4,50.3
56427.58,2.53,39.1,98.0,-15.4,50.1
56429.6,2.52,39.0,98.0,-15.5,51.3
56431.6,2.53,39.0,98.0,-15.4,51.3
56433.61,2.52,39.1,98.0,-15.4,50.1
56435.62,2.52,39.1,98.0,-15.4,50.0
56437.63,2.53,39.1,98.0,-15.4,50.1
56439.64,2.53,39.1,98.0,-15.4,51.5
56441.65,2.52,39.1,98.0,-15.4,50.2
56443.66,2.52,39.1,98.0,-15.4,50.2
56445.67,2.53,39.1,98.0,-15.4,50.1
56447.67,2.53,39.1,98.0,-15.4,51.3
56449.68,2.52,39.1,98.0,-15.4,50.5
56451.69,2.53,39.1,98.0,-15.4,51.6
56453.7,2.53,39.1,98.0,-15.4,50.4
56455.71,2.53,39.1,98.0,-15.4,50.2
56457.72,2.53,39.1,98.0,-15.4,50.2
56459.73,2.53,39.1,98.0,-15.4,50.7
56461.73,2.53,39.1,98.0,-15.4,50.3
56463.74,2.52,39.1,98.0,-15.4,50.2
56465.75,2.53,39.1,98.0,-15.4,51.5
56467.76,2.53,39.1,98.0,-15.4,50.5
56469.77,2.53,39.1,98.0,-15.4,51.0
56471.78,2.52,39.2,98.0,-15.4,51.0
56473.79,2.53,39.2,98.0,-15.4,51.7
56475.8,2.53,39.1,98.0,-15.4,50.3
56477.81,2.52,39.1,98.0,-15.4,51.6
56479.82,2.53,39.2,98.0,-15.4,51.6
56481.82,2.52,39.1,98.0,-15.4,51.5
56483.83,2.53,39.1,98.0,-15.4,50.4
56485.84,2.52,39.2,98.0,-15.4,50.5
56487.85,2.53,39.2,98.0,-15.4,50.4
56489.86,2.52,39.1,98.0,-15.4,51.6
56491.87,2.53,39.2,98.0,-15.4,50.4
56493.88,2.53,39.2,98.0,-15.4,50.5
56495.89,2.53,39.2,98.0,-15.3,51.7
56497.89,2.53,39.2,98.0,-15.4,50.5
56499.9,2.53,39.2,98.0,-15.4,51.7
56501.91,2.53,39.3,100.0,-15.4,50.4
56503.92,2.52,39.2,98.0,-15.3,50.8
56505.93,2.53,39.2,98.0,-15.4,50.4
56507.94,2.53,39.2,98.0,-15.4,51.8
56509.95,2.53,39.2,98.0,-15.4,50.6
56511.96,2.53,39.2,98.0,-15.4,50.4
56513.97,2.53,39.2,98.0,-15.4,50.8
56515.98,2.53,39.2,98.0,-15.4,51.8
56517.98,2.53,39.2,98.0,-15.3,50.4
56519.99,2.53,39.2,98.0,-15.3,51.6
56522.0,2.53,39.2,98.0,-15.3,51.0
56524.01,2.53,39.2,98.0,-15.3,50.6
56526.01,2.53,39.2,98.0,-15.3,50.5
56528.03,2.53,39.2,98.0,-15.3,51.1
56530.03,2.53,39.3,100.0,-15.3,50.6
56532.04,2.53,39.2,98.0,-15.3,50.6
56534.05,2.53,39.2,100.0,-15.3,51.7
56536.06,2.53,39.3,100.0,-15.3,51.8
56538.07,2.53,39.2,100.0,-15.3,51.8
56540.08,2.53,39.2,98.0,-15.3,50.6
56542.09,2.53,39.3,100.0,-15.3,51.7
56544.1,2.53,39.3,100.0,-15.3,50.7
56546.11,2.53,39.3,100.0,-15.3,50.6
56548.12,2.53,39.3,100.0,-15.3,51.1
56550.12,2.53,39.3,98.0,-15.3,50.8
56552.13,2.53,39.3,100.0,-15.3,50.6
56554.14,2.53,39.3,100.0,-15.3,50.6
56556.15,2.53,39.3,100.0,-15.3,51.9
56558.16,2.53,39.2,98.0,-15.3,50.7
56560.17,2.53,39.3,100.0,-15.3,51.0
56562.18,2.53,39.3,100.0,-15.3,50.6
56564.19,2.53,39.3,100.0,-15.3,50.8
56566.19,2.53,39.3,100.0,-15.3,50.7
56568.2,2.53,39.3,100.0,-15.3,52.0
56570.21,2.53,39.3,100.0,-15.3,52.0
56572.22,2.53,39.3,100.0,-15.3,50.8
56574.23,2.53,39.3,100.0,-15.3,50.8
56576.24,2.53,39.3,100.0,-15.3,51.9
56578.25,2.53,39.3,100.0,-15.3,50.8
56580.26,2.53,39.3,100.0,-15.3,52.0
56582.26,2.53,39.3,100.0,-15.3,51.9
56584.28,2.53,39.3,100.0,-15.3,50.8
56586.28,2.53,39.3,100.0,-15.3,52.0
56588.3,2.53,39.4,100.0,-15.3,50.7
56590.3,2.53,39.3,100.0,-15.3,50.9
56592.31,2.53,39.3,100.0,-15.3,50.9
56594.32,2.53,39.4,100.0,-15.3,50.8
56596.33,2.53,39.3,100.0,-15.3,50.9
56598.33,2.53,39.4,100.0,-15.3,51.0
56600.34,2.53,39.4,100.0,-15.3,50.9
56602.35,2.53,39.4,100.0,-15.3,51.0
56604.36,2.53,39.4,100.0,-15.3,50.9
56606.37,2.53,39.4,100.0,-15.3,51.1
56608.38,2.53,39.4,100.0,-15.3,52.1
56610.39,2.53,39.4,100.0,-15.3,52.0
56612.4,2.53,39.3,100.0,-15.3,51.1
56614.41,2.53,39.3,100.0,-15.3,51.0
56616.41,2.53,39.4,100.0,-15.3,50.9
56618.43,2.53,39.4,100.0,-15.3,50.8
56620.44,2.53,39.4,100.0,-15.3,52.3
56622.44,2.53,39.5,100.0,-15.2,51.0
56624.45,2.53,39.4,100.0,-15.3,52.2
56626.46,2.53,39.4,100.0,-15.3,51.0
56628.47,2.53,39.4,100.0,-15.2,51.1
56630.48,2.53,39.4,100.0,-15.2,51.1
56632.49,2.53,39.4,100.0,-15.2,51.0
56634.5,2.53,39.4,100.0,-15.3,51.3
56636.5,2.53,39.4,100.0,-15.2,51.0
56638.51,2.53,39.4,100.0,-15.2,51.0
56640.52,2.53,39.4,100.0,-15.2,51.3
56642.53,2.53,39.5,100.0,-15.2,51.0
56644.53,2.53,39.4,100.0,-15.2,51.0
56646.55,2.53,39.4,100.0,-15.2,51.5
56648.55,2.53,39.4,100.0,-15.3,51.1
56650.57,2.53,39.4,100.0,-15.2,51.8
56652.57,2.53,39.4,100.0,-15.2,51.2
56654.58,2.53,39.4,100.0,-15.2,51.5
56656.59,2.53,39.4,100.0,-15.2,51.1
56658.6,2.53,39.4,100.0,-15.2,52.0
56660.61,2.53,39.5,100.0,-15.2,52.4
56662.62,2.53,39.5,100.0,-15.2,51.1
56664.62,2.53,39.4,100.0,-15.2,51.2
56666.64,2.53,39.5,100.0,-15.2,51.1
56668.64,2.53,39.5,100.0,-15.2,52.4
56670.65,2.53,39.5,100.0,-15.2,51.4
56672.66,2.53,39.5,100.0,-15.2,51.2
56674.67,2.53,39.4,100.0,-15.2,51.2
56676.68,2.53,39.5,100.0,-15.2,52.5
56678.69,2.53,39.5,100.0,-15.2,52.4
56680.69,2.53,39.4,100.0,-15.2,52.3
56682.7,2.53,39.5,100.0,-15.2,51.7
56684.71,2.53,39.4,100.0,-15.2,51.3
56686.72,2.53,39.4,100.0,-15.2,52.6
56688.73,2.53,39.4,100.0,-15.2,52.5
56690.74,2.53,39.5,100.0,-15.2,51.7
56692.75,2.53,39.5,100.0,-15.2,51.4
56694.76,2.53,39.5,100.0,-15.2,51.4
56696.77,2.53,39.5,100.0,-15.2,52.3
56698.78,2.53,39.6,100.0,-15.2,51.5
56700.78,2.53,39.5,100.0,-15.2,52.4
56702.79,2.53,39.5,100.0,-15.2,51.5
56704.8,2.53,39.5,100.0,-15.2,51.5
56706.81,2.53,39.6,100.0,-15.2,51.5
56708.82,2.53,39.5,100.0,-15.1,51.3
56710.83,2.53,39.6,100.0,-15.2,51.6
56712.84,2.53,39.6,100.0,-15.2,52.5
56714.85,2.53,39.6,100.0,-15.1,52.6
56716.85,2.53,39.5,100.0,-15.1,52.6
56718.86,2.53,39.5,100.0,-15.2,52.0
56720.87,2.53,39.5,100.0,-15.1,52.4
56722.88,2.53,39.5,100.0,-15.2,52.7
56724.89,2.53,39.6,100.0,-15.1,51.5
56726.9,2.53,39.6,100.0,-15.1,52.6
56728.91,2.53,39.5,100.0,-15.1,52.2
56730.91,2.53,39.5,100.0,-15.2,52.7
56732.93,2.53,39.5,100.0,-15.1,51.5
56734.94,2.53,39.5,100.0,-15.1,51.9
56736.94,2.53,39.6,100.0,-15.1,52.7
56738.95,2.53,39.6,100.0,-15.1,51.5
56740.96,2.53,39.6,100.0,-15.1,51.6
56742.97,2.53,39.5,100.0,-15.1,52.5
56744.98,2.53,39.5,100.0,-15.1,52.3
56746.99,2.53,39.6,100.0,-15.1,52.9
56749.0,2.53,39.6,100.0,-15.1,52.7
56751.0,2.53,39.6,100.0,-15.1,52.7
56753.01,2.53,39.6,100.0,-15.1,51.5
56755.02,2.53,39.6,100.0,-15.1,52.8
56757.03,2.53,39.6,100.0,-15.1,51.6
56759.04,2.53,39.6,100.0,-15.1,51.6
56761.05,2.53,39.6,100.0,-15.1,52.2
56763.06,2.53,39.6,100.0,-15.1,51.9
56765.07,2.53,39.7,100.0,-15.1,52.9
56767.08,2.53,39.6,100.0,-15.1,51.6
56769.09,2.53,39.6,100.0,-15.1,51.8
56771.1,2.53,39.6,100.0,-15.1,51.8
56773.1,2.53,39.6,100.0,-15.1,51.6
56775.11,2.53,39.6,100.0,-15.1,51.6
56777.12,2.53,39.6,100.0,-15.1,52.9
56779.13,2.53,39.7,100.0,-15.1,51.8
56781.14,2.53,39.6,100.0,-15.1,52.0
56783.15,2.53,39.6,100.0,-15.1,52.0
56785.16,2.53,39.7,100.0,-15.1,51.7
56787.17,2.53,39.7,100.0,-15.1,52.1
56789.17,2.53,39.6,100.0,-15.1,52.8
56791.18,2.53,39.7,100.0,-15.1,51.7
56793.19,2.53,39.6,100.0,-15.1,52.8
56795.2,2.53,39.7,100.0,-15.1,51.9
56797.21,2.53,39.6,100.0,-15.1,51.7
56799.21,2.53,39.7,100.0,-15.1,52.9
56801.23,2.53,39.7,100.0,-15.1,51.8
56803.23,2.53,39.7,100.0,-15.1,51.8
56805.25,2.53,39.7,100.0,-15.1,52.7
56807.26,2.53,39.7,100.0,-15.1,51.7
56809.26,2.53,39.7,100.0,-15.1,52.9
56811.27,2.53,39.7,100.0,-15.1,52.1
56813.28,2.53,39.6,100.0,-15.1,51.8
56815.29,2.53,39.7,100.0,-15.1,52.6
56817.3,2.53,39.7,100.0,-15.1,52.7
56819.31,2.53,39.7,100.0,-15.1,52.4
56821.32,2.53,39.7,100.0,-15.0,51.7
56823.33,2.53,39.7,100.0,-15.1,52.5
56825.33,2.53,39.7,100.0,-15.1,52.0
56827.34,2.53,39.6,100.0,-15.1,52.5
56829.35,2.53,39.7,100.0,-15.1,52.2
56831.36,2.53,39.7,100.0,-15.1,52.5
56833.37,2.53,39.7,100.0,-15.0,52.1
56835.37,2.53,39.7,100.0,-15.1,52.4
56837.38,2.53,39.7,100.0,-15.1,52.0
56839.39,2.53,39.7,100.0,-15.1,52.3
56841.4,2.53,39.7,100.0,-15.1,52.6
56843.41,2.53,39.7,100.0,-15.1,52.2
56845.42,2.53,39.7,100.0,-15.1,52.0
56847.43,2.53,39.7,100.0,-15.1,52.4
56849.44,2.53,39.7,100.0,-15.0,53.1
56851.45,2.53,39.7,100.0,-15.1,52.1
56853.46,2.53,39.7,100.0,-15.0,52.7
56855.47,2.53,39.8,100.0,-15.1,51.9
56857.48,2.53,39.7,100.0,-15.0,52.7
56859.48,2.53,39.8,102.0,-15.1,52.4
56861.49,2.53,39.7,100.0,-15.0,52.6
56863.5,2.53,39.7,100.0,-15.0,52.0
56865.51,2.53,39.7,100.0,-15.0,52.9
56867.52,2.53,39.7,102.0,-15.0,52.1
56869.53,2.53,39.7,100.0,-15.1,53.2
56871.53,2.53,39.7,100.0,-15.0,52.2
56873.54,2.53,39.8,102.0,-15.0,52.6
56875.55,2.53,39.7,100.0,-15.0,52.8
56877.56,2.53,39.8,102.0,-15.0,52.4
56879.57,2.53,39.7,100.0,-15.0,53.2
56881.58,2.53,39.7,100.0,-15.0,52.4
56883.59,2.53,39.8,102.0,-15.0,53.1
56885.6,2.53,39.7,102.0,-15.0,52.2
56887.61,2.53,39.7,100.0,-15.0,52.3
56889.62,2.53,39.8,102.0,-15.0,52.2
56891.62,2.53,39.8,102.0,-15.0,52.6
56893.63,2.53,39.8,102.0,-15.0,52.2
56895.64,2.53,39.8,102.0,-15.0,53.6
56897.65,2.53,39.8,102.0,-15.0,52.7
56899.66,2.53,39.8,102.0,-15.0,53.2
56901.67,2.53,39.8,100.0,-15.0,52.7
56903.67,2.53,39.8,102.0,-15.0,53.8
56905.69,2.53,39.8,102.0,-15.0,52.9
56907.69,2.53,39.8,102.0,-15.0,53.4
56909.7,2.53,39.8,102.0,-15.0,54.4
56911.71,2.53,39.8,102.0,-15.0,53.7
56913.72,2.53,39.8,102.0,-14.9,53.6
56915.73,2.53,39.9,102.0,-14.9,53.7
56917.74,2.53,39.9,102.0,-14.9,54.3
56919.75,2.53,39.8,102.0,-14.9,54.2
56921.76,2.53,39.8,102.0,-14.9,54.9
56923.77,2.53,39.9,102.0,-14.9,55.2
56925.78,2.53,39.9,102.0,-14.8,54.5
56927.78,2.53,39.9,102.0,-14.8,54.1
56929.79,2.53,39.9,102.0,-14.8,55.0
56931.8,2.53,39.9,102.0,-14.8,54.8
56933.81,2.53,39.8,102.0,-14.8,54.9
56935.82,2.53,40.0,102.0,-14.8,54.7
56937.83,2.53,39.9,102.0,-14.8,55.0
56939.84,2.53,39.9,102.0,-14.7,55.3
56941.85,2.53,39.9,102.0,-14.7,55.0
56943.85,2.53,39.9,102.0,-14.7,55.0
56945.86,2.53,39.9,102.0,-14.7,55.3
56947.87,2.53,39.9,102.0,-14.7,55.5
58747.72,0.84,0.0,0.0,-16.8,45.4
58749.73,0.84,0.0,0.0,-16.8,45.6
58751.73,0.84,-0.1,0.0,-16.8,45.7
58753.74,0.84,-0.1,0.0,-16.8,45.6
58755.75,0.84,0.0,0.0,-16.8,45.7
58757.76,0.84,-0.1,0.0,-16.8,45.6
58759.77,0.84,-0.1,0.0,-16.8,45.7
58761.78,0.84,0.0,0.0,-16.8,45.6
58763.79,0.84,-0.1,0.0,-16.8,45.6
58765.8,0.84,-0.1,0.0,-16.8,45.7
58767.81,0.84,-0.1,0.0,-16.8,45.6
58769.82,0.84,-0.1,0.0,-16.8,45.7
58771.82,0.84,-0.1,0.0,-16.8,45.6
58773.83,0.84,-0.1,0.0,-16.8,45.7
58775.84,0.84,-0.1,0.0,-16.8,45.7
58777.85,0.84,-0.1,0.0,-16.7,45.8
58779.85,0.84,-0.1,0.0,-16.7,45.8
58781.87,0.84,-0.1,0.0,-16.7,45.9
58783.87,0.84,-0.1,0.0,-16.7,45.7
58785.88,0.84,-0.1,0.0,-16.8,45.8
58787.89,0.84,-0.1,0.0,-16.7,45.8
58789.9,0.84,0.0,0.0,-16.7,45.7
58791.91,0.84,0.0,0.0,-16.7,45.9
58793.92,0.84,-0.1,0.0,-16.7,45.8
58795.93,0.84,-0.1,0.0,-16.7,45.8
60545.49,0.84,-0.1,0.0,-17.1,43.2
60547.5,0.84,-0.1,0.0,-17.1,43.2
60549.51,0.84,-0.1,0.0,-17.1,42.9
60551.51,0.84,-0.1,0.0,-17.1,42.9
60553.52,0.84,-0.1,0.0,-17.1,43.0
60555.53,0.84,0.0,0.0,-17.1,43.0
60557.54,0.84,0.0,0.0,-17.1,42.9
60559.55,0.84,-0.1,0.0,-17.2,42.9
60561.56,0.84,-0.1,0.0,-17.2,42.8
60563.57,0.84,-0.1,0.0,-17.2,42.8
60565.57,0.84,-0.1,0.0,-17.2,42.8
60567.58,0.84,-0.1,0.0,-17.2,42.6
60569.59,0.84,-0.1,0.0,-17.2,42.7
60571.6,0.84,0.0,0.0,-17.3,42.7
60573.61,0.84,0.0,0.0,-17.3,42.7
60575.62,0.84,-0.1,0.0,-17.3,42.5
60577.63,0.84,0.0,0.0,-17.3,42.5
60579.64,0.84,-0.1,0.0,-17.3,42.4
60581.65,0.84,0.0,0.0,-17.3,42.5
60583.66,0.84,-0.1,0.0,-17.3,42.3
60585.66,0.84,0.0,0.0,-17.4,42.4
60587.67,0.84,-0.1,0.0,-17.4,42.4
60589.68,0.84,-0.1,0.0,-17.4,42.3
60591.69,0.84,-0.1,0.0,-17.4,42.2
62291.04,0.84,-0.1,0.0,-16.2,46.5
62293.05,0.85,0.0,0.0,-16.2,46.5
62295.05,0.84,0.0,0.0,-16.2,46.3
62297.06,0.84,-0.1,0.0,-16.2,46.4
62299.07,0.84,-0.1,0.0,-16.2,46.5
62301.08,0.84,0.0,0.0,-16.2,46.5
62303.09,0.84,-0.1,0.0,-16.2,46.6
62305.1,0.84,0.0,0.0,-16.2,46.5
62307.11,0.84,-0.1,0.0,-16.2,46.4
62309.12,0.84,0.0,0.0,-16.2,46.5
62311.13,0.84,-0.1,0.0,-16.2,46.5
62313.14,0.84,0.0,0.0,-16.2,46.8
62315.14,0.85,-0.1,0.0,-16.2,46.5
62317.15,0.84,0.0,0.0,-16.2,46.7
62319.16,0.85,-0.1,0.0,-16.2,46.7
62321.17,0.84,-0.1,0.0,-16.2,46.9
62323.17,0.84,-0.1,0.0,-16.2,47.0
62325.18,0.84,-0.1,0.0,-16.2,47.0
62327.19,0.84,-0.1,0.0,-16.2,46.4
62329.2,0.84,-0.1,0.0,-16.2,46.6
62331.21,0.84,-0.1,0.0,-16.2,46.5
62333.22,0.84,-0.1,0.0,-16.2,46.5
62335.23,0.85,-0.1,0.0,-16.2,46.7
62337.24,0.84,0.0,0.0,-16.2,46.7
63986.36,0.84,-0.1,0.0,-18.4,40.0
63988.37,0.84,-0.1,0.0,-18.4,40.1
63990.37,0.84,0.0,0.0,-18.4,40.0
63992.38,0.84,-0.1,0.0,-18.4,40.1
63994.39,0.84,-0.1,0.0,-18.4,40.0
63996.4,0.84,-0.1,0.0,-18.4,39.9
63998.41,0.84,0.0,0.0,-18.4,40.0
64000.42,0.84,-0.1,0.0,-18.4,40.0
64002.43,0.85,-0.1,0.0,-18.4,40.0
64004.44,0.84,-0.1,0.0,-18.4,40.0
64006.45,0.84,-0.1,0.0,-18.4,39.9
64008.46,0.84,-0.1,0.0,-18.5,40.0
64010.46,0.84,-0.1,0.0,-18.5,39.9
64012.47,0.85,-0.1,0.0,-18.5,40.0
64014.48,0.84,0.0,0.0,-18.5,39.9
64016.49,0.85,-0.1,0.0,-18.5,39.9
64018.5,0.84,-0.1,0.0,-18.5,39.9
64020.5,0.84,0.0,0.0,-18.5,39.9
64022.51,0.84,-0.1,0.0,-18.5,39.9
64024.52,0.84,-0.1,0.0,-18.5,39.9
64026.53,0.84,-0.1,0.0,-18.5,39.9
64028.54,0.84,-0.1,0.0,-18.5,39.8
64030.55,0.84,-0.1,0.0,-18.6,39.8
64032.56,0.84,-0.1,0.0,-18.5,39.9
65631.48,0.84,-0.1,0.0,-16.1,46.7
65633.49,0.84,0.0,0.0,-16.1,46.7
65635.5,0.84,-0.1,0.0,-16.0,46.8
65637.51,0.84,-0.1,0.0,-16.1,46.9
65639.52,0.85,0.0,0.0,-16.0,46.9
65641.53,0.84,-0.1,0.0,-16.1,46.7
65643.53,0.84,-0.1,0.0,-16.0,47.0
65645.55,0.84,-0.1,0.0,-16.0,46.8
65647.56,0.84,-0.1,0.0,-16.0,46.9
65649.57,0.84,-0.1,0.0,-16.0,47.0
65651.57,0.84,-0.1,0.0,-16.0,47.1
65653.58,0.84,-0.1,0.0,-16.0,46.8
65655.59,0.84,-0.1,0.0,-16.0,46.8
65657.6,0.84,-0.1,0.0,-16.0,47.3
65659.6,0.84,-0.1,0.0,-16.0,47.0
65661.61,0.85,-0.1,0.0,-16.0,47.0
65663.62,0.84,-0.1,0.0,-16.0,46.8
65665.63,0.85,0.0,0.0,-16.0,46.9
65667.64,0.84,-0.1,0.0,-16.0,46.7
65669.65,0.85,0.0,0.0,-16.0,46.8
65671.66,0.84,-0.1,0.0,-16.0,47.2
65673.67,0.84,-0.1,0.0,-16.0,47.1
65675.67,0.84,-0.1,0.0,-16.0,46.9
65677.68,0.85,-0.1,0.0,-16.0,47.1
67226.39,0.84,-0.1,0.0,-18.4,39.9
67228.4,0.85,-0.1,0.0,-18.4,39.8
67230.42,0.84,0.0,0.0,-18.5,39.8
67232.42,0.85,-0.1,0.0,-18.4,39.8
67234.43,0.84,-0.1,0.0,-18.5,39.8
67236.44,0.84,-0.1,0.0,-18.5,39.8
67238.45,0.84,0.0,0.0,-18.5,39.8
67240.46,0.84,-0.1,0.0,-18.5,39.8
67242.46,0.85,0.0,0.0,-18.5,39.8
67244.47,0.84,-0.1,0.0,-18.5,39.7
67246.48,0.84,-0.1,0.0,-18.5,39.7
67248.49,0.85,-0.1,0.0,-18.5,39.8
67250.5,0.84,-0.1,0.0,-18.5,39.8
67252.52,0.84,-0.1,0.0,-18.5,39.7
67254.52,0.85,-0.1,0.0,-18.5,39.8
67256.53,0.84,-0.1,0.0,-18.5,39.7
67258.54,0.84,-0.1,0.0,-18.5,39.7
67260.55,0.85,-0.1,0.0,-18.5,39.8
67262.56,0.84,0.0,0.0,-18.6,39.8
67264.57,0.84,-0.1,0.0,-18.6,39.7
67266.57,0.84,0.0,0.0,-18.6,39.7
67268.58,0.84,-0.1,0.0,-18.6,39.7
67270.59,0.84,0.0,0.0,-18.6,39.7
67272.6,0.84,-0.1,0.0,-18.6,39.7
68771.07,0.84,-0.1,0.0,-16.2,45.6
68773.08,0.84,-0.1,0.0,-16.2,46.4
68775.09,0.84,-0.1,0.0,-16.2,46.4
68777.1,0.85,-0.1,0.0,-16.1,46.1
68779.1,0.84,-0.1,0.0,-16.2,46.1
68781.11,0.85,-0.1,0.0,-16.1,46.3
68783.12,0.85,0.0,0.0,-16.1,46.0
68785.14,0.84,-0.1,0.0,-16.2,46.0
68787.14,0.84,-0.1,0.0,-16.1,46.2
68789.15,0.84,-0.1,0.0,-16.1,46.2
68791.16,0.85,-0.1,0.0,-16.1,46.1
68793.17,0.84,0.0,0.0,-16.1,46.1
68795.18,0.85,0.0,0.0,-16.1,46.3
68797.19,0.84,0.0,0.0,-16.1,46.2
68799.2,0.84,-0.1,0.0,-16.1,46.3
68801.21,0.85,0.0,0.0,-16.1,46.1
68803.21,0.85,-0.1,0.0,-16.1,46.3
68805.22,0.84,0.0,0.0,-16.1,46.3
68807.23,0.85,-0.1,0.0,-16.1,46.2
68809.24,0.85,-0.1,0.0,-16.1,46.3
68811.25,0.84,-0.1,0.0,-16.1,46.3
68813.25,0.85,-0.1,0.0,-16.1,46.2
68815.27,0.85,0.0,0.0,-16.1,46.3
68817.28,0.84,0.0,0.0,-16.1,45.9
70265.53,0.85,-0.1,0.0,-17.4,41.4
70267.54,0.84,-0.1,0.0,-17.4,41.3
70269.55,0.84,-0.1,0.0,-17.4,41.3
70271.56,0.84,-0.1,0.0,-17.5,41.3
70273.57,0.85,0.0,0.0,-17.4,41.3
70275.57,0.85,0.0,0.0,-17.5,41.2
70277.59,0.84,-0.1,0.0,-17.5,41.2
70279.6,0.84,-0.1,0.0,-17.5,41.2
70281.6,0.84,-0.1,0.0,-17.5,41.1
70283.61,0.85,-0.1,0.0,-17.5,41.1
70285.62,0.84,0.0,0.0,-17.5,41.1
70287.63,0.85,-0.1,0.0,-17.5,41.1
70289.64,0.85,-0.1,0.0,-17.5,41.0
70291.64,0.85,-0.1,0.0,-17.6,41.1
70293.65,0.85,-0.1,0.0,-17.6,41.0
70295.67,0.84,-0.1,0.0,-17.6,41.0
70297.67,0.84,-0.1,0.0,-17.6,40.9
70299.68,0.84,0.0,0.0,-17.6,40.9
70301.69,0.85,-0.1,0.0,-17.6,40.9
70303.7,0.85,0.0,0.0,-17.7,40.8
70305.71,0.85,-0.1,0.0,-17.6,40.8
70307.71,0.85,-0.1,0.0,-17.7,40.7
70309.72,0.85,0.0,0.0,-17.7,40.8
70311.73,0.84,-0.1,0.0,-17.7,40.8
71707.77,0.85,0.0,0.0,-16.7,44.5
71709.78,0.84,0.0,0.0,-16.7,44.6
71711.79,0.85,-0.1,0.0,-16.7,44.6
71713.79,0.84,0.0,0.0,-16.7,44.6
71715.81,0.84,-0.1,0.0,-16.7,44.5
71717.82,0.84,-0.1,0.0,-16.7,44.6
71719.82,0.85,-0.1,0.0,-16.7,44.4
71721.83,0.84,-0.1,0.0,-16.7,44.7
71723.85,0.84,-0.1,0.0,-16.7,44.6
71725.85,0.85,-0.1,0.0,-16.7,44.6
71727.86,0.84,0.0,0.0,-16.7,44.7
71729.87,0.84,-0.1,0.0,-16.6,44.7
71731.88,0.84,-0.1,0.0,-16.6,44.7
71733.89,0.84,0.0,0.0,-16.6,44.7
71735.89,0.85,0.0,0.0,-16.6,44.8
71737.9,0.84,0.0,0.0,-16.6,44.8
71739.91,0.84,-0.1,0.0,-16.6,44.8
71741.92,0.84,0.0,0.0,-16.6,44.8
71743.93,0.84,0.0,0.0,-16.6,44.7
71745.94,0.85,-0.1,0.0,-16.6,44.8
71747.95,0.85,-0.1,0.0,-16.6,44.8
71749.96,0.85,0.0,0.0,-16.6,44.9
71751.96,0.85,-0.1,0.0,-16.6,44.8
71753.97,0.85,-0.1,0.0,-16.6,44.8
71755.98,0.84,-0.1,0.0,-16.6,45.0
71757.99,0.85,-0.1,0.0,-16.6,44.9
71760.0,0.85,0.0,0.0,-16.6,44.7
71762.0,0.84,0.0,0.0,-16.6,44.8
71764.01,0.84,-0.1,0.0,-16.6,44.8
71766.02,0.85,0.0,0.0,-16.6,44.9
